algoritmo,size,repetition,source,time_sec,co2_grams
Classic (V^2),100,0,84,0.0015861988067626,1.8499725032436758e-05
Min-Heap (E log V),100,0,84,0.0010197162628173,5.067218169048046e-06
NetworkX,100,0,84,0.0007510185241699,4.718242776512647e-06
Classic (V^2),100,0,52,0.0009360313415527,5.1819856316987045e-06
Min-Heap (E log V),100,0,52,0.0007538795471191,4.835065224732265e-06
NetworkX,100,0,52,0.0007600784301757,4.741437021021382e-06
Classic (V^2),100,0,97,0.001138687133789,5.637033096827652e-06
Min-Heap (E log V),100,0,97,0.0010819435119628,5.343136276997639e-06
NetworkX,100,0,97,0.0006980895996093,4.53599596904623e-06
Classic (V^2),100,0,14,0.0014665126800537,6.667238959898869e-06
Min-Heap (E log V),100,0,14,0.001070499420166,5.016217235550167e-06
NetworkX,100,0,14,0.0007240772247314,4.435327615748149e-06
Classic (V^2),100,0,66,0.000934362411499,5.098276162298075e-06
Min-Heap (E log V),100,0,66,0.00069260597229,4.339588584748201e-06
NetworkX,100,0,66,0.0007498264312744,4.413005081750252e-06
Classic (V^2),100,1,72,0.0009245872497558,4.983814798682737e-06
Min-Heap (E log V),100,1,72,0.0007290840148925,4.331503262484656e-06
NetworkX,100,1,72,0.0008807182312011,5.146437363992063e-06
Classic (V^2),100,1,38,0.001260757446289,6.206512789471213e-06
Min-Heap (E log V),100,1,38,0.0010714530944824,5.307129238788354e-06
NetworkX,100,1,38,0.0006420612335205,4.252186489698195e-06
Classic (V^2),100,1,55,0.0009067058563232,4.785622564622256e-06
Min-Heap (E log V),100,1,55,0.0006754398345947,4.874195639467856e-06
NetworkX,100,1,55,0.0006806850433349,4.527565546037306e-06
Classic (V^2),100,1,85,0.0009071826934814,4.878280110910378e-06
Min-Heap (E log V),100,1,85,0.0006978511810302,4.59820119323114e-06
NetworkX,100,1,85,0.0006825923919677,4.367903821005776e-06
Classic (V^2),100,1,73,0.0008888244628906,4.933219821820718e-06
Min-Heap (E log V),100,1,73,0.0010793209075927,5.127922488259162e-06
NetworkX,100,1,73,0.0015666484832763,1.1273408315675434e-05
Classic (V^2),100,2,83,0.0009660720825195,5.188139199414876e-06
Min-Heap (E log V),100,2,83,0.0007116794586181,5.031600694389361e-06
NetworkX,100,2,83,0.0007555484771728,4.307143048209953e-06
Classic (V^2),100,2,34,0.0009071826934814,4.910828845529e-06
Min-Heap (E log V),100,2,34,0.000720739364624,4.4590452805418046e-06
NetworkX,100,2,34,0.0006980895996093,4.254766863925882e-06
Classic (V^2),100,2,63,0.0009474754333496,5.0732779471545445e-06
Min-Heap (E log V),100,2,63,0.0007431507110595,4.311336783239267e-06
NetworkX,100,2,63,0.0010075569152832,5.042664002389967e-06
Classic (V^2),100,2,15,0.0015933513641357,6.882947947788934e-06
Min-Heap (E log V),100,2,15,0.0006883144378662,4.319569916559554e-06
NetworkX,100,2,15,0.0007450580596923,4.755054753454916e-06
Classic (V^2),100,2,68,0.0011563301086425,6.254475183064093e-06
Min-Heap (E log V),100,2,68,0.00075364112854,4.436413004616087e-06
NetworkX,100,2,68,0.0007364749908447,4.521869234137979e-06
Classic (V^2),100,3,34,0.0014512538909912,6.814266968664384e-06
Min-Heap (E log V),100,3,34,0.0007967948913574,5.286022146839174e-06
NetworkX,100,3,34,0.0010664463043212,5.23787339264923e-06
Classic (V^2),100,3,41,0.0015103816986083,6.505030549217294e-06
Min-Heap (E log V),100,3,41,0.0008270740509033,5.123919209027172e-06
NetworkX,100,3,41,0.0007345676422119,4.468792676338425e-06
Classic (V^2),100,3,69,0.0009417533874511,4.939513158569932e-06
Min-Heap (E log V),100,3,69,0.0008003711700439,5.251765354985333e-06
NetworkX,100,3,69,0.0010762214660644,5.435768329387413e-06
Classic (V^2),100,3,42,0.0009570121765136,5.416761749984776e-06
Min-Heap (E log V),100,3,42,0.0007646083831787,4.626917985751154e-06
NetworkX,100,3,42,0.0006859302520751,4.383811912955127e-06
Classic (V^2),100,3,68,0.0015695095062255,6.683639214312885e-06
Min-Heap (E log V),100,3,68,0.0012819766998291,5.661215452014046e-06
NetworkX,100,3,68,0.0007181167602539,4.71575178655231e-06
Classic (V^2),100,4,82,0.000941514968872,5.0793865927184615e-06
Min-Heap (E log V),100,4,82,0.0007274150848388,4.486175121401981e-06
NetworkX,100,4,82,0.0007765293121337,4.530226053134036e-06
Classic (V^2),100,4,87,0.0009605884552001,5.067441254219548e-06
Min-Heap (E log V),100,4,87,0.0008537769317626,4.819036481447642e-06
NetworkX,100,4,87,0.0007205009460449,4.537021107401116e-06
Classic (V^2),100,4,46,0.0009338855743408,5.080051603551687e-06
Min-Heap (E log V),100,4,46,0.0010972023010253,5.103085439880588e-06
NetworkX,100,4,46,0.0009903907775878,6.1022032587716855e-06
Classic (V^2),100,4,67,0.0009701251983642,5.056198719027332e-06
Min-Heap (E log V),100,4,67,0.0007181167602539,4.364206187949249e-06
NetworkX,100,4,67,0.0010907649993896,5.172562397848506e-06
Classic (V^2),100,4,57,0.0009477138519287,5.1070837099111015e-06
Min-Heap (E log V),100,4,57,0.0007414817810058,4.390109954422779e-06
NetworkX,100,4,57,0.001101016998291,5.284291474906058e-06
Classic (V^2),100,5,76,0.0009768009185791,5.222460794396712e-06
Min-Heap (E log V),100,5,76,0.0007197856903076,4.595076756811244e-06
NetworkX,100,5,76,0.0010461807250976,5.350182649439699e-06
Classic (V^2),100,5,19,0.0021724700927734,1.208640504446791e-05
Min-Heap (E log V),100,5,19,0.0006673336029052,4.164524881241816e-06
NetworkX,100,5,19,0.0007226467132568,4.382448197052011e-06
Classic (V^2),100,5,32,0.0010368824005126,5.69054034961284e-06
Min-Heap (E log V),100,5,32,0.0006678104400634,4.212618547879979e-06
NetworkX,100,5,32,0.0007429122924804,4.272945743591192e-06
Classic (V^2),100,5,14,0.0009098052978515,4.895762408881626e-06
Min-Heap (E log V),100,5,14,0.000673770904541,4.1666569594042495e-06
NetworkX,100,5,14,0.0010526180267333,5.111731208035905e-06
Classic (V^2),100,5,41,0.001483678817749,6.368100198574799e-06
Min-Heap (E log V),100,5,41,0.0007133483886718,4.063891739074598e-06
NetworkX,100,5,41,0.0006923675537109,4.29157990462644e-06
Classic (V^2),100,6,96,0.0009832382202148,5.27458278089128e-06
Min-Heap (E log V),100,6,96,0.0007157325744628,4.561579523847399e-06
NetworkX,100,6,96,0.0007507801055908,4.627712297943256e-06
Classic (V^2),100,6,50,0.0010628700256347,5.457050244566132e-06
Min-Heap (E log V),100,6,50,0.0007271766662597,4.39978860261439e-06
NetworkX,100,6,50,0.0006864070892333,4.265923654568671e-06
Classic (V^2),100,6,9,0.0014839172363281,7.009638742240514e-06
Min-Heap (E log V),100,6,9,0.0010921955108642,5.233358986324474e-06
NetworkX,100,6,9,0.0011084079742431,5.220368177153346e-06
Classic (V^2),100,6,37,0.0009777545928955,5.225978744917324e-06
Min-Heap (E log V),100,6,37,0.0007710456848144,4.539466112831159e-06
NetworkX,100,6,37,0.000706672668457,4.265113105259504e-06
Classic (V^2),100,6,68,0.000974416732788,5.326440246710346e-06
Min-Heap (E log V),100,6,68,0.0007503032684326,4.448974789455571e-06
NetworkX,100,6,68,0.0007121562957763,4.268870075379967e-06
Classic (V^2),100,7,87,0.001042366027832,5.363941214388514e-06
Min-Heap (E log V),100,7,87,0.0011703968048095,5.50985515159733e-06
NetworkX,100,7,87,0.0015759468078613,7.262134362241447e-06
Classic (V^2),100,7,34,0.0009942054748535,5.167438828069654e-06
Min-Heap (E log V),100,7,34,0.000807762145996,4.610759336144299e-06
NetworkX,100,7,34,0.0007898807525634,4.579720311249044e-06
Classic (V^2),100,7,84,0.000993013381958,5.176402532694059e-06
Min-Heap (E log V),100,7,84,0.0008051395416259,4.615607007713018e-06
NetworkX,100,7,84,0.0007672309875488,4.59352743806804e-06
Classic (V^2),100,7,90,0.0009796619415283,5.171118552803024e-06
Min-Heap (E log V),100,7,90,0.000852346420288,5.028977371904228e-06
NetworkX,100,7,90,0.0010666847229003,5.087089020658954e-06
Classic (V^2),100,7,66,0.0019540786743164,8.956547621239735e-06
Min-Heap (E log V),100,7,66,0.0007317066192626,4.382108404746201e-06
NetworkX,100,7,66,0.0007233619689941,4.353359139096254e-06
Classic (V^2),100,8,59,0.0010504722595214,5.648931842520319e-06
Min-Heap (E log V),100,8,59,0.0007102489471435,4.503000604047447e-06
NetworkX,100,8,59,0.0007295608520507,4.28964511463437e-06
Classic (V^2),100,8,29,0.0009524822235107,5.016330752513811e-06
Min-Heap (E log V),100,8,29,0.0007233619689941,4.752519298757009e-06
NetworkX,100,8,29,0.0007345676422119,4.302171540104196e-06
Classic (V^2),100,8,41,0.0016367435455322,6.922584327484173e-06
Min-Heap (E log V),100,8,41,0.0012660026550292,7.74530098883494e-06
NetworkX,100,8,41,0.0007367134094238,4.597261342839146e-06
Classic (V^2),100,8,3,0.0009126663208007,5.070422429989247e-06
Min-Heap (E log V),100,8,3,0.0006933212280273,4.296296604182289e-06
NetworkX,100,8,3,0.0007081031799316,4.089231872798291e-06
Classic (V^2),100,8,45,0.0010125637054443,5.379828670365648e-06
Min-Heap (E log V),100,8,45,0.0006890296936035,4.234730591068965e-06
NetworkX,100,8,45,0.0007085800170898,4.929595943776351e-06
Classic (V^2),100,9,81,0.000927448272705,5.004749489464199e-06
Min-Heap (E log V),100,9,81,0.0010192394256591,4.909567564842363e-06
NetworkX,100,9,81,0.0010356903076171,5.06235258860407e-06
Classic (V^2),100,9,5,0.0009248256683349,4.947914898614042e-06
Min-Heap (E log V),100,9,5,0.000676155090332,4.3065665113695365e-06
NetworkX,100,9,5,0.0007274150848388,4.4580375969600914e-06
Classic (V^2),100,9,68,0.0009138584136962,4.99710427148514e-06
Min-Heap (E log V),100,9,68,0.0006823539733886,4.3576698809120425e-06
NetworkX,100,9,68,0.000685691833496,4.23741871958062e-06
Classic (V^2),100,9,76,0.0010473728179931,5.414590673010809e-06
Min-Heap (E log V),100,9,76,0.0012149810791015,5.72483705386536e-06
NetworkX,100,9,76,0.0011045932769775,5.293369305736237e-06
Classic (V^2),100,9,25,0.000934362411499,4.994514942060684e-06
Min-Heap (E log V),100,9,25,0.0006864070892333,4.112377703261566e-06
NetworkX,100,9,25,0.0008034706115722,4.8775888423487324e-06
Classic (V^2),100,10,77,0.0009675025939941,5.223224301904473e-06
Min-Heap (E log V),100,10,77,0.0007534027099609,4.537269840920886e-06
NetworkX,100,10,77,0.0006940364837646,4.344754798577513e-06
Classic (V^2),100,10,78,0.0009083747863769,5.248902855827951e-06
Min-Heap (E log V),100,10,78,0.0007510185241699,4.5628427735979695e-06
NetworkX,100,10,78,0.0010349750518798,4.966998571024229e-06
Classic (V^2),100,10,70,0.0015079975128173,8.143269678482233e-06
Min-Heap (E log V),100,10,70,0.0007359981536865,4.384096007914929e-06
NetworkX,100,10,70,0.0007398128509521,5.167544906868755e-06
Classic (V^2),100,10,65,0.0009453296661376,5.500745451910448e-06
Min-Heap (E log V),100,10,65,0.0007307529449462,4.65651058550054e-06
NetworkX,100,10,65,0.0006892681121826,4.356789217964936e-06
Classic (V^2),100,10,31,0.0009522438049316,5.122448654221558e-06
Min-Heap (E log V),100,10,31,0.0007498264312744,4.394951252689441e-06
NetworkX,100,10,31,0.0008177757263183,4.613006448164575e-06
Classic (V^2),100,11,54,0.0015692710876464,7.390519254084826e-06
Min-Heap (E log V),100,11,54,0.0011422634124755,5.38912503389041e-06
NetworkX,100,11,54,0.0007476806640625,4.399359121420163e-06
Classic (V^2),100,11,51,0.0009596347808837,5.107902151900972e-06
Min-Heap (E log V),100,11,51,0.0009629726409912,5.048656095821593e-06
NetworkX,100,11,51,0.0006334781646728,4.330160338521951e-06
Classic (V^2),100,11,58,0.000969648361206,5.035745412756287e-06
Min-Heap (E log V),100,11,58,0.0006883144378662,4.381461149580541e-06
NetworkX,100,11,58,0.0006854534149169,4.180296696603427e-06
Classic (V^2),100,11,44,0.0014891624450683,6.486824655170789e-06
Min-Heap (E log V),100,11,44,0.0012388229370117,5.9463271861353096e-06
NetworkX,100,11,44,0.0010766983032226,5.539903639750384e-06
Classic (V^2),100,11,93,0.0009489059448242,5.10620623244181e-06
Min-Heap (E log V),100,11,93,0.0006849765777587,4.276648232917554e-06
NetworkX,100,11,93,0.0006706714630126,4.299532281810458e-06
Classic (V^2),100,12,90,0.0009725093841552,5.245208260286491e-06
Min-Heap (E log V),100,12,90,0.0007305145263671,4.456601642524938e-06
NetworkX,100,12,90,0.0010421276092529,7.116734131949734e-06
Classic (V^2),100,12,26,0.000969648361206,5.278662391785194e-06
Min-Heap (E log V),100,12,26,0.0023834705352783,1.3364662994128493e-05
NetworkX,100,12,26,0.0010926723480224,5.980751977403197e-06
Classic (V^2),100,12,54,0.0009825229644775,5.179652323649393e-06
Min-Heap (E log V),100,12,54,0.0007233619689941,4.94685318516574e-06
NetworkX,100,12,54,0.0007276535034179,4.450832029991583e-06
Classic (V^2),100,12,22,0.0009434223175048,5.331512220830622e-06
Min-Heap (E log V),100,12,22,0.0007386207580566,4.252629019219072e-06
NetworkX,100,12,22,0.0007615089416503,4.474606453957184e-06
Classic (V^2),100,12,46,0.0009605884552001,5.252055369697206e-06
Min-Heap (E log V),100,12,46,0.0007293224334716,4.26053814462878e-06
NetworkX,100,12,46,0.0010476112365722,5.402620447095176e-06
Classic (V^2),100,13,26,0.0014929771423339,6.412279974527096e-06
Min-Heap (E log V),100,13,26,0.0007600784301757,4.831222506887802e-06
NetworkX,100,13,26,0.0007603168487548,4.357456508970332e-06
Classic (V^2),100,13,2,0.0009605884552001,5.040774893825401e-06
Min-Heap (E log V),100,13,2,0.0007157325744628,4.38763353575639e-06
NetworkX,100,13,2,0.000760793685913,4.512550406638566e-06
Classic (V^2),100,13,91,0.0015692710876464,7.18160411108723e-06
Min-Heap (E log V),100,13,91,0.0009422302246093,5.046951525648704e-06
NetworkX,100,13,91,0.0007746219635009,4.479301148609367e-06
Classic (V^2),100,13,64,0.0015347003936767,6.5451756320111336e-06
Min-Heap (E log V),100,13,64,0.0011465549468994,5.452900214861115e-06
NetworkX,100,13,64,0.0008232593536376,4.880127634765976e-06
Classic (V^2),100,13,62,0.0009841918945312,5.187209974597589e-06
Min-Heap (E log V),100,13,62,0.0007662773132324,4.3096221960436745e-06
NetworkX,100,13,62,0.0006990432739257,4.380344347062183e-06
Classic (V^2),100,14,38,0.0014789104461669,6.37130780096201e-06
Min-Heap (E log V),100,14,38,0.0011076927185058,5.303669410436071e-06
NetworkX,100,14,38,0.000732421875,4.656242729314103e-06
Classic (V^2),100,14,33,0.0010488033294677,5.650601203356669e-06
Min-Heap (E log V),100,14,33,0.0011134147644042,5.206501556750124e-06
NetworkX,100,14,33,0.0010373592376708,5.413956921240061e-06
Classic (V^2),100,14,79,0.0009698867797851,5.247132726564417e-06
Min-Heap (E log V),100,14,79,0.0007140636444091,4.262669160551199e-06
NetworkX,100,14,79,0.0007534027099609,4.814471691185343e-06
Classic (V^2),100,14,21,0.0009281635284423,5.03397406928727e-06
Min-Heap (E log V),100,14,21,0.0006837844848632,4.22352280986898e-06
NetworkX,100,14,21,0.0007064342498779,4.697690370674084e-06
Classic (V^2),100,14,1,0.0009295940399169,5.336815626905189e-06
Min-Heap (E log V),100,14,1,0.0010592937469482,5.100683684706583e-06
NetworkX,100,14,1,0.0009875297546386,4.909033218778468e-06
Classic (V^2),500,0,143,0.0207827091217041,6.878331026745327e-05
Min-Heap (E log V),500,0,143,0.0064713954925537,2.3109098193396135e-05
NetworkX,500,0,143,0.0130653381347656,4.394986490790379e-05
Classic (V^2),500,0,107,0.0208714008331298,6.890102825287872e-05
Min-Heap (E log V),500,0,107,0.0063028335571289,2.243212201040128e-05
NetworkX,500,0,107,0.0118105411529541,4.010154951639882e-05
Classic (V^2),500,0,117,0.0212316513061523,7.020493698598092e-05
Min-Heap (E log V),500,0,117,0.0062289237976074,2.247903179881229e-05
NetworkX,500,0,117,0.0189907550811767,6.263901317839869e-05
Classic (V^2),500,0,2,0.0357584953308105,0.0001190338075691
Min-Heap (E log V),500,0,2,0.006119966506958,2.187972837535944e-05
NetworkX,500,0,2,0.0128228664398193,4.338865113061028e-05
Classic (V^2),500,0,20,0.0221984386444091,7.323274716844343e-05
Min-Heap (E log V),500,0,20,0.0061900615692138,2.2073809883147508e-05
NetworkX,500,0,20,0.0120999813079833,4.099557897479493e-05
Classic (V^2),500,1,103,0.019876480102539,6.562563886986505e-05
Min-Heap (E log V),500,1,103,0.0049457550048828,1.8136989558058343e-05
NetworkX,500,1,103,0.0201294422149658,6.649784508185189e-05
Classic (V^2),500,1,438,0.0354020595550537,0.0001146482552702
Min-Heap (E log V),500,1,438,0.0049707889556884,1.81282653283781e-05
NetworkX,500,1,438,0.0181396007537841,6.098685082055789e-05
Classic (V^2),500,1,478,0.0200538635253906,6.641477528273183e-05
Min-Heap (E log V),500,1,478,0.0083236694335937,2.840813558506749e-05
NetworkX,500,1,478,0.0110499858856201,3.737876911771411e-05
Classic (V^2),500,1,222,0.0223779678344726,7.391963813823498e-05
Min-Heap (E log V),500,1,222,0.0081732273101806,2.7738082088010777e-05
NetworkX,500,1,222,0.017871618270874,5.8887148876049306e-05
Classic (V^2),500,1,244,0.0354347229003906,0.0001147839938469
Min-Heap (E log V),500,1,244,0.0051853656768798,1.8580234792268905e-05
NetworkX,500,1,244,0.0117304325103759,3.977298448118689e-05
Classic (V^2),500,2,350,0.0199861526489257,6.602997556720729e-05
Min-Heap (E log V),500,2,350,0.0049173831939697,1.7683595063440983e-05
NetworkX,500,2,350,0.0118012428283691,4.001075710208519e-05
Classic (V^2),500,2,383,0.0223374366760253,7.341418585501165e-05
Min-Heap (E log V),500,2,383,0.005197525024414,1.9151491445720887e-05
NetworkX,500,2,383,0.0201122760772705,6.62079431946091e-05
Classic (V^2),500,2,61,0.0380110740661621,0.0001231902947846
Min-Heap (E log V),500,2,61,0.0048556327819824,1.770769759286385e-05
NetworkX,500,2,61,0.0125870704650878,4.249659591663814e-05
Classic (V^2),500,2,395,0.0196151733398437,6.469127174798367e-05
Min-Heap (E log V),500,2,395,0.0054388046264648,1.964998249387984e-05
NetworkX,500,2,395,0.0118851661682128,4.004347019184511e-05
Classic (V^2),500,2,366,0.0202558040618896,6.683858112166277e-05
Min-Heap (E log V),500,2,366,0.0050294399261474,1.8175356618493868e-05
NetworkX,500,2,366,0.0123395919799804,4.1512203528159175e-05
Classic (V^2),500,3,4,0.0384726524353027,0.0001251313310026
Min-Heap (E log V),500,3,4,0.004934549331665,1.793502077476222e-05
NetworkX,500,3,4,0.0121707916259765,4.152901504847676e-05
Classic (V^2),500,3,61,0.0203526020050048,6.74896681005064e-05
Min-Heap (E log V),500,3,61,0.0050947666168212,1.8617713299423045e-05
NetworkX,500,3,61,0.0115127563476562,3.897791197823578e-05
Classic (V^2),500,3,233,0.0196130275726318,6.488710684633369e-05
Min-Heap (E log V),500,3,233,0.0054671764373779,1.96412631214356e-05
NetworkX,500,3,233,0.0123863220214843,4.1747896728379545e-05
Classic (V^2),500,3,270,0.0351459980010986,0.0001142052282637
Min-Heap (E log V),500,3,270,0.0108132362365722,3.824350661002222e-05
NetworkX,500,3,270,0.0111796855926513,3.800589713502864e-05
Classic (V^2),500,3,368,0.0197048187255859,6.52046028041021e-05
Min-Heap (E log V),500,3,368,0.004972219467163,1.803085222920089e-05
NetworkX,500,3,368,0.011005163192749,3.7476956041488026e-05
Classic (V^2),500,4,308,0.0198962688446044,6.57633181581016e-05
Min-Heap (E log V),500,4,308,0.0062897205352783,2.215969863151672e-05
NetworkX,500,4,308,0.0109195709228515,3.713681475146179e-05
Classic (V^2),500,4,457,0.0338165760040283,0.000110252171735
Min-Heap (E log V),500,4,457,0.0073983669281005,2.8117798601085403e-05
NetworkX,500,4,457,0.0114097595214843,3.90018909742244e-05
Classic (V^2),500,4,224,0.022369384765625,7.350289642327295e-05
Min-Heap (E log V),500,4,224,0.0048615932464599,1.766832026460548e-05
NetworkX,500,4,224,0.0111112594604492,3.782344029168355e-05
Classic (V^2),500,4,491,0.030005931854248,9.777359993572676e-05
Min-Heap (E log V),500,4,491,0.0052852630615234,1.934135296130332e-05
NetworkX,500,4,491,0.0115315914154052,3.8902106473353966e-05
Classic (V^2),500,4,405,0.020348310470581,6.723934250186464e-05
Min-Heap (E log V),500,4,405,0.0079157352447509,2.725529956939372e-05
NetworkX,500,4,405,0.0167019367218017,5.5043588427363145e-05
Classic (V^2),500,5,234,0.0225019454956054,7.380966036839263e-05
Min-Heap (E log V),500,5,234,0.0049896240234375,1.8305191428066448e-05
NetworkX,500,5,234,0.0116214752197265,3.9610528399777657e-05
Classic (V^2),500,5,484,0.0197579860687255,6.526865115618598e-05
Min-Heap (E log V),500,5,484,0.0078577995300292,2.711025050990863e-05
NetworkX,500,5,484,0.0124101638793945,4.18076740982527e-05
Classic (V^2),500,5,242,0.0196642875671386,6.512289277309555e-05
Min-Heap (E log V),500,5,242,0.0055446624755859,2.030488214405466e-05
NetworkX,500,5,242,0.0170261859893798,5.609095273798151e-05
Classic (V^2),500,5,286,0.0378556251525878,0.0001274513551359
Min-Heap (E log V),500,5,286,0.0049464702606201,1.795976722038919e-05
NetworkX,500,5,286,0.0117218494415283,3.9714131182693485e-05
Classic (V^2),500,5,430,0.0196642875671386,6.491551040544673e-05
Min-Heap (E log V),500,5,430,0.0051321983337402,1.841090625620348e-05
NetworkX,500,5,430,0.0122690200805664,4.141565045223017e-05
Classic (V^2),500,6,243,0.0198254585266113,6.573182339718222e-05
Min-Heap (E log V),500,6,243,0.0054566860198974,1.982147907602935e-05
NetworkX,500,6,243,0.0180749893188476,5.9727280453523183e-05
Classic (V^2),500,6,488,0.0355420112609863,0.0001152050796928
Min-Heap (E log V),500,6,488,0.0050048828125,1.8131023263422184e-05
NetworkX,500,6,488,0.0105786323547363,3.60190825018733e-05
Classic (V^2),500,6,264,0.0196743011474609,6.507609559123562e-05
Min-Heap (E log V),500,6,264,0.0049242973327636,1.7726258605092513e-05
NetworkX,500,6,264,0.0117926597595214,3.972986535989351e-05
Classic (V^2),500,6,332,0.0202462673187255,6.680158961111349e-05
Min-Heap (E log V),500,6,332,0.004892349243164,1.785251476159972e-05
NetworkX,500,6,332,0.0186302661895751,6.199235440170728e-05
Classic (V^2),500,6,194,0.0351898670196533,0.0001141881373531
Min-Heap (E log V),500,6,194,0.0048890113830566,1.769801120299083e-05
NetworkX,500,6,194,0.0115907192230224,3.922693320038481e-05
Classic (V^2),500,7,446,0.0198352336883544,6.559414380846534e-05
Min-Heap (E log V),500,7,446,0.004988670349121,1.804253304605813e-05
NetworkX,500,7,446,0.0125842094421386,4.256732156120615e-05
Classic (V^2),500,7,445,0.0200579166412353,6.649931229769594e-05
Min-Heap (E log V),500,7,445,0.0055093765258789,1.992687793841753e-05
NetworkX,500,7,445,0.0110094547271728,3.7794379608896974e-05
Classic (V^2),500,7,496,0.0343799591064453,0.0001113854974826
Min-Heap (E log V),500,7,496,0.0106360912322998,3.6626931376809937e-05
NetworkX,500,7,496,0.0129992961883544,4.429273666545699e-05
Classic (V^2),500,7,312,0.0201168060302734,6.654872885963436e-05
Min-Heap (E log V),500,7,312,0.0049254894256591,1.8311511324818723e-05
NetworkX,500,7,312,0.0112545490264892,3.810514258456464e-05
Classic (V^2),500,7,171,0.0199732780456542,6.593108766454045e-05
Min-Heap (E log V),500,7,171,0.006096601486206,2.174847825243085e-05
NetworkX,500,7,171,0.0113744735717773,3.8534992872275086e-05
Classic (V^2),500,8,405,0.0362424850463867,0.0001173821347903
Min-Heap (E log V),500,8,405,0.0083341598510742,2.878217961210963e-05
NetworkX,500,8,405,0.011033296585083,3.763360366282772e-05
Classic (V^2),500,8,15,0.0201342105865478,6.649248021423337e-05
Min-Heap (E log V),500,8,15,0.0049004554748535,1.7841695330434975e-05
NetworkX,500,8,15,0.0111680030822753,3.772856173720575e-05
Classic (V^2),500,8,211,0.020052433013916,6.662947703479314e-05
Min-Heap (E log V),500,8,211,0.0049121379852294,1.7673470239937475e-05
NetworkX,500,8,211,0.0117349624633789,3.983469800377244e-05
Classic (V^2),500,8,45,0.0369670391082763,0.0001197544470869
Min-Heap (E log V),500,8,45,0.0081253051757812,2.800120955830081e-05
NetworkX,500,8,45,0.0207371711730957,7.012076752869758e-05
Classic (V^2),500,8,402,0.0198466777801513,6.543860190734475e-05
Min-Heap (E log V),500,8,402,0.0050275325775146,1.837829863862301e-05
NetworkX,500,8,402,0.0168626308441162,5.579082799225412e-05
Classic (V^2),500,9,268,0.0198297500610351,6.578462177466713e-05
Min-Heap (E log V),500,9,268,0.0049726963043212,1.8001896263735303e-05
NetworkX,500,9,268,0.0114555358886718,3.861741557261173e-05
Classic (V^2),500,9,340,0.0197310447692871,6.579974906278818e-05
Min-Heap (E log V),500,9,340,0.0080299377441406,2.7810369644442364e-05
NetworkX,500,9,340,0.0183002948760986,6.065748069934034e-05
Classic (V^2),500,9,19,0.0196995735168457,6.530322892050572e-05
Min-Heap (E log V),500,9,19,0.0049190521240234,1.802441183804771e-05
NetworkX,500,9,19,0.0110492706298828,3.750109924037643e-05
Classic (V^2),500,9,441,0.0194766521453857,6.423416505136226e-05
Min-Heap (E log V),500,9,441,0.0051515102386474,1.8615241435027905e-05
NetworkX,500,9,441,0.0112371444702148,3.81030187027378e-05
Classic (V^2),500,9,52,0.0199928283691406,6.589197637081522e-05
Min-Heap (E log V),500,9,52,0.0077438354492187,2.682849707478092e-05
NetworkX,500,9,52,0.01686692237854,5.573357591112725e-05
Classic (V^2),500,10,162,0.0199573040008544,6.601770212463133e-05
Min-Heap (E log V),500,10,162,0.0051002502441406,1.861043215827354e-05
NetworkX,500,10,162,0.0112814903259277,3.8192816635142094e-05
Classic (V^2),500,10,213,0.0203168392181396,6.741391252656425e-05
Min-Heap (E log V),500,10,213,0.0051612854003906,1.888213164474327e-05
NetworkX,500,10,213,0.0115139484405517,3.875435426934688e-05
Classic (V^2),500,10,196,0.0197863578796386,6.52216301293272e-05
Min-Heap (E log V),500,10,196,0.0050301551818847,1.815143498664056e-05
NetworkX,500,10,196,0.0212874412536621,6.998008491361923e-05
Classic (V^2),500,10,183,0.0385987758636474,0.0001256550233243
Min-Heap (E log V),500,10,183,0.0049982070922851,1.886442306963553e-05
NetworkX,500,10,183,0.0108144283294677,3.667459981425048e-05
Classic (V^2),500,10,156,0.0200402736663818,6.610911372232031e-05
Min-Heap (E log V),500,10,156,0.0050642490386962,1.862089752990749e-05
NetworkX,500,10,156,0.0116317272186279,3.919940818222327e-05
Classic (V^2),500,11,324,0.0204389095306396,6.753513374090717e-05
Min-Heap (E log V),500,11,324,0.0050389766693115,1.831572478803016e-05
NetworkX,500,11,324,0.0180521011352539,6.208181906748738e-05
Classic (V^2),500,11,51,0.0367217063903808,0.0001237993833887
Min-Heap (E log V),500,11,51,0.0050129890441894,1.843841822534825e-05
NetworkX,500,11,51,0.0114393234252929,3.876417480953329e-05
Classic (V^2),500,11,473,0.0198023319244384,6.533219080724163e-05
Min-Heap (E log V),500,11,473,0.0051436424255371,1.8503018832233257e-05
NetworkX,500,11,473,0.012143850326538,4.1021766228780456e-05
Classic (V^2),500,11,62,0.0203669071197509,6.72672780354881e-05
Min-Heap (E log V),500,11,62,0.0049185752868652,1.8016304359467125e-05
NetworkX,500,11,62,0.0182363986968994,6.000439959095624e-05
Classic (V^2),500,11,300,0.0365915298461914,0.0001188640777765
Min-Heap (E log V),500,11,300,0.0060169696807861,2.155911708322644e-05
NetworkX,500,11,300,0.0107390880584716,3.676008366063247e-05
Classic (V^2),500,12,499,0.0200462341308593,6.650444118253957e-05
Min-Heap (E log V),500,12,499,0.0082538127899169,2.8185908961465312e-05
NetworkX,500,12,499,0.0125327110290527,4.249022655215794e-05
Classic (V^2),500,12,243,0.019916296005249,6.581794008368018e-05
Min-Heap (E log V),500,12,243,0.0050649642944335,1.846709540967657e-05
NetworkX,500,12,243,0.0186741352081298,6.154851836011873e-05
Classic (V^2),500,12,383,0.0320742130279541,0.0001041662195502
Min-Heap (E log V),500,12,383,0.0056283473968505,2.013829757753088e-05
NetworkX,500,12,383,0.0119621753692626,4.041845512944887e-05
Classic (V^2),500,12,274,0.0204076766967773,6.75086144321565e-05
Min-Heap (E log V),500,12,274,0.0056929588317871,2.029634973951727e-05
NetworkX,500,12,274,0.0106287002563476,3.606451596548369e-05
Classic (V^2),500,12,125,0.0214765071868896,7.064723508898339e-05
Min-Heap (E log V),500,12,125,0.005030870437622,1.826270195602823e-05
NetworkX,500,12,125,0.011488914489746,3.883144957832332e-05
Classic (V^2),500,13,203,0.0376489162445068,0.0001220220397945
Min-Heap (E log V),500,13,203,0.0048189163208007,1.7740198976919254e-05
NetworkX,500,13,203,0.010690689086914,3.650871577348369e-05
Classic (V^2),500,13,34,0.019679307937622,6.514874205849895e-05
Min-Heap (E log V),500,13,34,0.0051183700561523,1.8581724927293897e-05
NetworkX,500,13,34,0.0242726802825927,7.933570224732224e-05
Classic (V^2),500,13,388,0.0365188121795654,0.0001182608370902
Min-Heap (E log V),500,13,388,0.0048761367797851,1.7823528896617412e-05
NetworkX,500,13,388,0.0247724056243896,8.145242317041114e-05
Classic (V^2),500,13,275,0.0342180728912353,0.0001109134812747
Min-Heap (E log V),500,13,275,0.0050549507141113,1.8127868931350255e-05
NetworkX,500,13,275,0.0130383968353271,4.412793224411525e-05
Classic (V^2),500,13,261,0.0196022987365722,6.480448625341543e-05
Min-Heap (E log V),500,13,261,0.0049574375152587,1.7896536553366352e-05
NetworkX,500,13,261,0.0111236572265625,3.777100871798713e-05
Classic (V^2),500,14,205,0.020369529724121,6.721207258817849e-05
Min-Heap (E log V),500,14,205,0.0054786205291748,1.986739862817848e-05
NetworkX,500,14,205,0.0182940959930419,6.020828814036668e-05
Classic (V^2),500,14,339,0.0353507995605468,0.000114492503034
Min-Heap (E log V),500,14,339,0.0050783157348632,1.848555322423893e-05
NetworkX,500,14,339,0.0110652446746826,3.7454204781982506e-05
Classic (V^2),500,14,109,0.0197997093200683,6.55737534803564e-05
Min-Heap (E log V),500,14,109,0.0049903392791748,1.80575167731867e-05
NetworkX,500,14,109,0.0176029205322265,5.841314886028011e-05
Classic (V^2),500,14,204,0.0204832553863525,6.762503244008235e-05
Min-Heap (E log V),500,14,204,0.0049784183502197,1.803485110640316e-05
NetworkX,500,14,204,0.0180428028106689,5.9488296939878526e-05
Classic (V^2),500,14,280,0.032611608505249,0.0001058304334714
Min-Heap (E log V),500,14,280,0.0050330162048339,1.821507798677588e-05
NetworkX,500,14,280,0.0115339756011962,3.9915805552698616e-05
Classic (V^2),1000,0,67,0.0844423770904541,0.0002714585462981
Min-Heap (E log V),1000,0,67,0.0157644748687744,5.2569685082111135e-05
NetworkX,1000,0,67,0.045145034790039,0.0001462806644213
Classic (V^2),1000,0,600,0.0835576057434082,0.0002686245487094
Min-Heap (E log V),1000,0,600,0.0135762691497802,4.5412455453903824e-05
NetworkX,1000,0,600,0.067662239074707,0.0002175090666977
Classic (V^2),1000,0,878,0.085386037826538,0.0002741434255366
Min-Heap (E log V),1000,0,878,0.0135321617126464,4.569699490097288e-05
NetworkX,1000,0,878,0.0459349155426025,0.0001488920877073
Classic (V^2),1000,0,611,0.0865828990936279,0.0002781389068865
Min-Heap (E log V),1000,0,611,0.0136542320251464,4.596116390118479e-05
NetworkX,1000,0,611,0.0437970161437988,0.0001417947031306
Classic (V^2),1000,0,408,0.0852653980255127,0.000274197383518
Min-Heap (E log V),1000,0,408,0.0227048397064209,7.437127418781488e-05
NetworkX,1000,0,408,0.073923110961914,0.0002375001492997
Classic (V^2),1000,1,857,0.0984046459197998,0.0003159358671764
Min-Heap (E log V),1000,1,857,0.0134205818176269,4.499249005540571e-05
NetworkX,1000,1,857,0.0447869300842285,0.0001451355059435
Classic (V^2),1000,1,309,0.0838074684143066,0.0002694311278108
Min-Heap (E log V),1000,1,309,0.0130412578582763,4.405713527722482e-05
NetworkX,1000,1,309,0.0492541790008544,0.0001595618149297
Classic (V^2),1000,1,894,0.1486189365386963,0.0004756050058957
Min-Heap (E log V),1000,1,894,0.0255999565124511,8.400850169295884e-05
NetworkX,1000,1,894,0.0458209514617919,0.0001485720062115
Classic (V^2),1000,1,565,0.0829167366027832,0.0002670703577772
Min-Heap (E log V),1000,1,565,0.0132813453674316,4.480002812644327e-05
NetworkX,1000,1,565,0.0431599617004394,0.0001399741628638
Classic (V^2),1000,1,294,0.0880179405212402,0.000283127106034
Min-Heap (E log V),1000,1,294,0.0134029388427734,4.518939141912885e-05
NetworkX,1000,1,294,0.0463213920593261,0.000149943399901
Classic (V^2),1000,2,262,0.160229206085205,0.0005125304993467
Min-Heap (E log V),1000,2,262,0.0255987644195556,8.396486218475486e-05
NetworkX,1000,2,262,0.0431158542633056,0.0001400168796703
Classic (V^2),1000,2,781,0.1019120216369628,0.0003271540862862
Min-Heap (E log V),1000,2,781,0.0137667655944824,4.616197597011597e-05
NetworkX,1000,2,781,0.0457673072814941,0.0001483594568691
Classic (V^2),1000,2,792,0.0828828811645507,0.0002664414945354
Min-Heap (E log V),1000,2,792,0.0141224861145019,4.733521672950048e-05
NetworkX,1000,2,792,0.0434038639068603,0.000140569329761
Classic (V^2),1000,2,517,0.1554145812988281,0.0004973832832909
Min-Heap (E log V),1000,2,517,0.0234737396240234,7.66677627666718e-05
NetworkX,1000,2,517,0.0448138713836669,0.000145008928361
Classic (V^2),1000,2,828,0.0842287540435791,0.0002709758319162
Min-Heap (E log V),1000,2,828,0.0144402980804443,4.838624240063264e-05
NetworkX,1000,2,828,0.0443544387817382,0.000143671988905
Classic (V^2),1000,3,722,0.0845558643341064,0.0002718497407268
Min-Heap (E log V),1000,3,722,0.013857364654541,4.652420487043064e-05
NetworkX,1000,3,722,0.0428376197814941,0.0001386776868797
Classic (V^2),1000,3,41,0.1503372192382812,0.0004814991482683
Min-Heap (E log V),1000,3,41,0.0271708965301513,8.905583216458889e-05
NetworkX,1000,3,41,0.046217918395996,0.0001496745343798
Classic (V^2),1000,3,430,0.0898103713989257,0.00028854444857
Min-Heap (E log V),1000,3,430,0.0144500732421875,4.8663184133493546e-05
NetworkX,1000,3,430,0.043259859085083,0.0001402262176182
Classic (V^2),1000,3,710,0.0843152999877929,0.0002711758314624
Min-Heap (E log V),1000,3,710,0.0141913890838623,4.767984981198173e-05
NetworkX,1000,3,710,0.0439317226409912,0.0001422334192413
Classic (V^2),1000,3,238,0.1536040306091308,0.0004914504669967
Min-Heap (E log V),1000,3,238,0.0260789394378662,8.510170512251498e-05
NetworkX,1000,3,238,0.0444440841674804,0.0001440951251782
Classic (V^2),1000,4,389,0.0841391086578369,0.000270451958243
Min-Heap (E log V),1000,4,389,0.014390230178833,4.806620703996263e-05
NetworkX,1000,4,389,0.0432169437408447,0.0001400818048888
Classic (V^2),1000,4,137,0.0840628147125244,0.0002705558105204
Min-Heap (E log V),1000,4,137,0.0136103630065917,4.559886792102058e-05
NetworkX,1000,4,137,0.0712068080902099,0.0002288467748317
Classic (V^2),1000,4,252,0.1554579734802246,0.0004974997747494
Min-Heap (E log V),1000,4,252,0.0204761028289794,6.743009636903703e-05
NetworkX,1000,4,252,0.0466053485870361,0.000150786749245
Classic (V^2),1000,4,907,0.0832197666168212,0.0002676471448635
Min-Heap (E log V),1000,4,907,0.0132427215576171,4.453081856866002e-05
NetworkX,1000,4,907,0.0451006889343261,0.0001460074916507
Classic (V^2),1000,4,32,0.0838756561279296,0.0002695634830503
Min-Heap (E log V),1000,4,32,0.0146360397338867,4.89646454316759e-05
NetworkX,1000,4,32,0.0769996643066406,0.0002510934831041
Classic (V^2),1000,5,715,0.1584260463714599,0.0005067519509235
Min-Heap (E log V),1000,5,715,0.0134170055389404,4.566861698689549e-05
NetworkX,1000,5,715,0.0455796718597412,0.0001478718052783
Classic (V^2),1000,5,692,0.085747480392456,0.0002757653167733
Min-Heap (E log V),1000,5,692,0.0137293338775634,4.607414150887423e-05
NetworkX,1000,5,692,0.0444111824035644,0.0001438489746445
Classic (V^2),1000,5,226,0.0859525203704834,0.0002763252220753
Min-Heap (E log V),1000,5,226,0.0136799812316894,4.610073305422461e-05
NetworkX,1000,5,226,0.0699684619903564,0.0002250150911244
Classic (V^2),1000,5,906,0.1531178951263427,0.000493313282907
Min-Heap (E log V),1000,5,906,0.0135824680328369,4.5411823069960335e-05
NetworkX,1000,5,906,0.0448362827301025,0.0001453306915085
Classic (V^2),1000,5,104,0.0854277610778808,0.0002746551306398
Min-Heap (E log V),1000,5,104,0.013542890548706,4.5445266427369495e-05
NetworkX,1000,5,104,0.0461993217468261,0.0001495894876036
Classic (V^2),1000,6,522,0.084017276763916,0.0002702761688257
Min-Heap (E log V),1000,6,522,0.0139534473419189,4.666295633771929e-05
NetworkX,1000,6,522,0.0661237239837646,0.0002125989253274
Classic (V^2),1000,6,911,0.1589274406433105,0.0005114293327648
Min-Heap (E log V),1000,6,911,0.0139241218566894,4.665353522959134e-05
NetworkX,1000,6,911,0.0437378883361816,0.0001423377447051
Classic (V^2),1000,6,708,0.0863831043243408,0.0002782069258895
Min-Heap (E log V),1000,6,708,0.0140612125396728,4.704495638511398e-05
NetworkX,1000,6,708,0.0432791709899902,0.0001401205660739
Classic (V^2),1000,6,896,0.083019733428955,0.0002670501072229
Min-Heap (E log V),1000,6,896,0.0142717361450195,4.801222432807812e-05
NetworkX,1000,6,896,0.0696048736572265,0.0002237393516341
Classic (V^2),1000,6,513,0.084240436553955,0.0002707243060484
Min-Heap (E log V),1000,6,513,0.0139892101287841,4.70929168067444e-05
NetworkX,1000,6,513,0.0448353290557861,0.0001457282745778
Classic (V^2),1000,7,124,0.0847249031066894,0.0002722500330166
Min-Heap (E log V),1000,7,124,0.0144646167755126,4.824115312868264e-05
NetworkX,1000,7,124,0.0456037521362304,0.0001481322547925
Classic (V^2),1000,7,892,0.0877735614776611,0.0002819274857342
Min-Heap (E log V),1000,7,892,0.0144510269165039,4.829607645244279e-05
NetworkX,1000,7,892,0.0664601325988769,0.0002138259744295
Classic (V^2),1000,7,267,0.1559112071990966,0.0004990767383396
Min-Heap (E log V),1000,7,267,0.0143568515777587,4.792987599116762e-05
NetworkX,1000,7,267,0.0447649955749511,0.0001450581414096
Classic (V^2),1000,7,223,0.0880837440490722,0.0002834654383408
Min-Heap (E log V),1000,7,223,0.0145208835601806,4.845480470245475e-05
NetworkX,1000,7,223,0.0441751480102539,0.0001431827960374
Classic (V^2),1000,7,453,0.0866906642913818,0.0002786490770867
Min-Heap (E log V),1000,7,453,0.0142252445220947,4.761811534811279e-05
NetworkX,1000,7,453,0.0694520473480224,0.0002235316287164
Classic (V^2),1000,8,408,0.0838181972503662,0.0002694600490238
Min-Heap (E log V),1000,8,408,0.0144896507263183,4.858279896629912e-05
NetworkX,1000,8,408,0.0423979759216308,0.0001375613464193
Classic (V^2),1000,8,124,0.0829205513000488,0.0002665773407101
Min-Heap (E log V),1000,8,124,0.0140719413757324,4.7111740666924206e-05
NetworkX,1000,8,124,0.0431282520294189,0.0001397985062355
Classic (V^2),1000,8,136,0.0846946239471435,0.0002721985341587
Min-Heap (E log V),1000,8,136,0.0216012001037597,7.06922844471018e-05
NetworkX,1000,8,136,0.0732824802398681,0.0002357033450619
Classic (V^2),1000,8,235,0.0849621295928955,0.0002729964893437
Min-Heap (E log V),1000,8,235,0.0156075954437255,5.215914458770311e-05
NetworkX,1000,8,235,0.0436882972717285,0.0001415038135869
Classic (V^2),1000,8,741,0.0846703052520752,0.0002724303961788
Min-Heap (E log V),1000,8,741,0.0140433311462402,4.728846720282484e-05
NetworkX,1000,8,741,0.0440006256103515,0.0001425329147891
Classic (V^2),1000,9,354,0.0986371040344238,0.0003166148607035
Min-Heap (E log V),1000,9,354,0.023639440536499,7.813542679940754e-05
NetworkX,1000,9,354,0.0704360008239746,0.0002262669586094
Classic (V^2),1000,9,339,0.0919492244720459,0.0002953500354727
Min-Heap (E log V),1000,9,339,0.0151450634002685,5.078364685293008e-05
NetworkX,1000,9,339,0.0432057380676269,0.0001400646758882
Classic (V^2),1000,9,509,0.0829198360443115,0.0002666074175791
Min-Heap (E log V),1000,9,509,0.0147004127502441,4.901246577661566e-05
NetworkX,1000,9,509,0.043576955795288,0.0001411245220035
Classic (V^2),1000,9,202,0.0985198020935058,0.0003162919834875
Min-Heap (E log V),1000,9,202,0.0174224376678466,5.801898828396607e-05
NetworkX,1000,9,202,0.0648179054260253,0.0002086252549305
Classic (V^2),1000,9,384,0.1640372276306152,0.0005255110136759
Min-Heap (E log V),1000,9,384,0.0136802196502685,4.589169893164993e-05
NetworkX,1000,9,384,0.0453760623931884,0.0001474308016889
Classic (V^2),1000,10,348,0.085202932357788,0.0002739157622629
Min-Heap (E log V),1000,10,348,0.0140385627746582,4.701576200280349e-05
NetworkX,1000,10,348,0.0453810691833496,0.000146885570065
Classic (V^2),1000,10,48,0.0836482048034668,0.0002691931606356
Min-Heap (E log V),1000,10,48,0.0141377449035644,4.746130245763058e-05
NetworkX,1000,10,48,0.0664789676666259,0.0002138143128863
Classic (V^2),1000,10,475,0.141613483428955,0.0004540995892483
Min-Heap (E log V),1000,10,475,0.0177614688873291,5.867862360260363e-05
NetworkX,1000,10,475,0.0431416034698486,0.0001395541152088
Classic (V^2),1000,10,173,0.0858747959136962,0.0002758124930498
Min-Heap (E log V),1000,10,173,0.0146718025207519,4.90147185034909e-05
NetworkX,1000,10,173,0.0445985794067382,0.0001444690559885
Classic (V^2),1000,10,567,0.0861451625823974,0.0002769017029112
Min-Heap (E log V),1000,10,567,0.0140039920806884,4.698534747137944e-05
NetworkX,1000,10,567,0.0687518119812011,0.0002210212912758
Classic (V^2),1000,11,321,0.0924587249755859,0.0002971136758915
Min-Heap (E log V),1000,11,321,0.0143477916717529,4.8628710929284405e-05
NetworkX,1000,11,321,0.0448780059814453,0.0001453277793844
Classic (V^2),1000,11,29,0.0819764137268066,0.0002638209085874
Min-Heap (E log V),1000,11,29,0.013376235961914,4.500992136240569e-05
NetworkX,1000,11,29,0.0439746379852294,0.0001424611743305
Classic (V^2),1000,11,913,0.0837292671203613,0.0002689533416869
Min-Heap (E log V),1000,11,913,0.0220386981964111,7.209464113441648e-05
NetworkX,1000,11,913,0.0805709362030029,0.0002609749919146
Classic (V^2),1000,11,550,0.1498613357543945,0.0004794398465133
Min-Heap (E log V),1000,11,550,0.0133390426635742,4.493720599819437e-05
NetworkX,1000,11,550,0.0459189414978027,0.0001490278444945
Classic (V^2),1000,11,508,0.0844063758850097,0.0002713198640293
Min-Heap (E log V),1000,11,508,0.0141220092773437,4.733042172079926e-05
NetworkX,1000,11,508,0.0457155704498291,0.0001482195374549
Classic (V^2),1000,12,518,0.0856690406799316,0.000275443635726
Min-Heap (E log V),1000,12,518,0.0214874744415283,7.03955198189847e-05
NetworkX,1000,12,518,0.0728282928466796,0.0002340362853347
Classic (V^2),1000,12,802,0.0827188491821289,0.0002659233938101
Min-Heap (E log V),1000,12,802,0.013702392578125,4.596900291199039e-05
NetworkX,1000,12,802,0.0443356037139892,0.0001436819070298
Classic (V^2),1000,12,504,0.0849053859710693,0.0002728248054916
Min-Heap (E log V),1000,12,504,0.0134406089782714,4.508853139541389e-05
NetworkX,1000,12,504,0.0451273918151855,0.0001462925900264
Classic (V^2),1000,12,462,0.0849242210388183,0.000273160881734
Min-Heap (E log V),1000,12,462,0.0211508274078369,6.985376805484331e-05
NetworkX,1000,12,462,0.0783367156982421,0.0002515740948483
Classic (V^2),1000,12,449,0.0986723899841308,0.0003166461949051
Min-Heap (E log V),1000,12,449,0.0150213241577148,5.011622199176696e-05
NetworkX,1000,12,449,0.0443630218505859,0.0001436295774379
Classic (V^2),1000,13,563,0.0891315937042236,0.0002866931969276
Min-Heap (E log V),1000,13,563,0.014139175415039,4.757475067505077e-05
NetworkX,1000,13,563,0.0704739093780517,0.0002266837866714
Classic (V^2),1000,13,201,0.1525924205780029,0.0004881752635239
Min-Heap (E log V),1000,13,201,0.0146458148956298,5.0067425524168514e-05
NetworkX,1000,13,201,0.0556843280792236,0.0001800805089051
Classic (V^2),1000,13,912,0.0864307880401611,0.000277708077141
Min-Heap (E log V),1000,13,912,0.0143187046051025,4.796046140700323e-05
NetworkX,1000,13,912,0.0459868907928466,0.000149075175871
Classic (V^2),1000,13,937,0.0852441787719726,0.000274136356404
Min-Heap (E log V),1000,13,937,0.013878583908081,4.644048006866648e-05
NetworkX,1000,13,937,0.0775864124298095,0.0002529893455233
Classic (V^2),1000,13,6,0.1562228202819824,0.0005008379293529
Min-Heap (E log V),1000,13,6,0.0139634609222412,4.667214844534046e-05
NetworkX,1000,13,6,0.0444011688232421,0.0001439918945084
Classic (V^2),1000,14,90,0.087662935256958,0.0002814676866637
Min-Heap (E log V),1000,14,90,0.0180094242095947,5.969340579050604e-05
NetworkX,1000,14,90,0.0478389263153076,0.0001548369189928
Classic (V^2),1000,14,402,0.0904388427734375,0.0002903772691056
Min-Heap (E log V),1000,14,402,0.0182316303253173,6.021546198809753e-05
NetworkX,1000,14,402,0.0907092094421386,0.0002995250607832
Classic (V^2),1000,14,96,0.1567006111145019,0.0005013382003977
Min-Heap (E log V),1000,14,96,0.018172264099121,6.032888167189589e-05
NetworkX,1000,14,96,0.0488708019256591,0.0001582165247249
Classic (V^2),1000,14,377,0.0882978439331054,0.0002836031739323
Min-Heap (E log V),1000,14,377,0.0182034969329834,6.041762745294436e-05
NetworkX,1000,14,377,0.0519917011260986,0.0001680057675278
Classic (V^2),1000,14,863,0.1014468669891357,0.0003254071292982
Min-Heap (E log V),1000,14,863,0.0186948776245117,6.197317253986611e-05
NetworkX,1000,14,863,0.0736782550811767,0.0002367808071779
Classic (V^2),5000,0,157,2.3452460765838623,0.0074766394997144
Min-Heap (E log V),5000,0,157,0.1915240287780761,0.0006128892850777
NetworkX,5000,0,157,1.3280091285705566,0.0042350940790785
Classic (V^2),5000,0,3207,3.496678352355957,0.0111486673558366
Min-Heap (E log V),5000,0,3207,0.1949074268341064,0.0006235375777134
NetworkX,5000,0,3207,1.3462350368499756,0.0042932013360065
Classic (V^2),5000,0,1975,2.211547613143921,0.0070508399144424
Min-Heap (E log V),5000,0,1975,0.197728157043457,0.0006326953174114
NetworkX,5000,0,1975,2.0284738540649414,0.006466660614448
Classic (V^2),5000,0,327,2.2156572341918945,0.0070637599725816
Min-Heap (E log V),5000,0,327,0.1964318752288818,0.0006284650330844
NetworkX,5000,0,327,1.3242669105529783,0.0042229793219192
Classic (V^2),5000,0,3485,3.2821359634399414,0.0104627585679914
Min-Heap (E log V),5000,0,3485,0.1941535472869873,0.0006213985183211
NetworkX,5000,0,3485,1.3358237743377686,0.004259734797083
Classic (V^2),5000,1,1233,2.2003674507141118,0.0070151202634504
Min-Heap (E log V),5000,1,1233,0.1909911632537841,0.0006117352932553
NetworkX,5000,1,1233,1.7236948013305664,0.0054958694148131
Classic (V^2),5000,1,2038,2.237098932266236,0.0071320915842758
Min-Heap (E log V),5000,1,2038,0.1950540542602539,0.0006241080968097
NetworkX,5000,1,2038,1.2387549877166748,0.0039503407548277
Classic (V^2),5000,1,4074,3.4001331329345703,0.0108388805460072
Min-Heap (E log V),5000,1,4074,0.2192623615264892,0.0007011151891004
NetworkX,5000,1,4074,1.2800028324127195,0.0040819396167775
Classic (V^2),5000,1,3379,2.221877098083496,0.0070837002377295
Min-Heap (E log V),5000,1,3379,0.1961839199066162,0.0006278093369981
NetworkX,5000,1,3379,1.6307711601257324,0.0051995415062567
Classic (V^2),5000,1,2919,2.2167303562164307,0.0070677170553019
Min-Heap (E log V),5000,1,2919,0.1967897415161132,0.0006298157226066
NetworkX,5000,1,2919,1.2654519081115725,0.0040359879041908
Classic (V^2),5000,2,88,3.3772389888763428,0.0107659005076805
Min-Heap (E log V),5000,2,88,0.1941359043121338,0.0006214556614358
NetworkX,5000,2,88,1.326921463012695,0.0042318781553487
Classic (V^2),5000,2,3296,2.2215418815612797,0.0070829569307265
Min-Heap (E log V),5000,2,3296,0.1936955451965332,0.0006199370322841
NetworkX,5000,2,3296,1.842867612838745,0.0058756696254351
Classic (V^2),5000,2,2205,2.2255570888519287,0.0070956611329766
Min-Heap (E log V),5000,2,2205,0.1968610286712646,0.0006299003547775
NetworkX,5000,2,2205,1.3497254848480225,0.0043045763751378
Classic (V^2),5000,2,4677,3.4145607948303223,0.0108843275755858
Min-Heap (E log V),5000,2,4677,0.1992526054382324,0.0006376138388199
NetworkX,5000,2,4677,1.3331515789031982,0.004251421124253
Classic (V^2),5000,2,2688,2.23644495010376,0.0071299132785214
Min-Heap (E log V),5000,2,2688,0.1976358890533447,0.0006322783564054
NetworkX,5000,2,2688,1.8502907752990725,0.005899185445687
Classic (V^2),5000,3,2430,2.211343288421631,0.0070499593433699
Min-Heap (E log V),5000,3,2430,0.1932663917541504,0.0006189089489349
NetworkX,5000,3,2430,1.3128421306610107,0.0041869213862696
Classic (V^2),5000,3,4880,3.113985061645508,0.0099267326426655
Min-Heap (E log V),5000,3,4880,0.208078384399414,0.000666178269787
NetworkX,5000,3,4880,1.2885732650756836,0.0041094092780052
Classic (V^2),5000,3,817,2.234340190887451,0.0071233655099186
Min-Heap (E log V),5000,3,817,0.194969892501831,0.0006238883813595
NetworkX,5000,3,817,1.977628469467163,0.0063049903076336
Classic (V^2),5000,3,452,2.237500667572021,0.0071336921573221
Min-Heap (E log V),5000,3,452,0.1904330253601074,0.0006093550979394
NetworkX,5000,3,452,1.279515266418457,0.0040800807220423
Classic (V^2),5000,3,4628,3.430001974105835,0.01093401315768
Min-Heap (E log V),5000,3,4628,0.193028450012207,0.0006177083244426
NetworkX,5000,3,4628,1.580308198928833,0.0050388799869549
Classic (V^2),5000,4,417,2.230323553085327,0.0071109746479816
Min-Heap (E log V),5000,4,417,0.255230188369751,0.0008161208248402
NetworkX,5000,4,417,1.7109706401824951,0.0054552031387308
Classic (V^2),5000,4,4445,2.223488569259644,0.0070888055100316
Min-Heap (E log V),5000,4,4445,0.2076528072357177,0.0006647833590614
NetworkX,5000,4,4445,1.299086332321167,0.0041427282987362
Classic (V^2),5000,4,2628,3.3709301948547363,0.0107455612527986
Min-Heap (E log V),5000,4,2628,0.2020809650421142,0.0006464804754479
NetworkX,5000,4,2628,1.3080973625183103,0.0041715205990715
Classic (V^2),5000,4,2631,2.2120795249938965,0.0070522846185493
Min-Heap (E log V),5000,4,2631,0.3064160346984863,0.0009789686814925
NetworkX,5000,4,2631,1.5941557884216309,0.0050831868426136
Classic (V^2),5000,4,3679,2.279113292694092,0.0072662069947513
Min-Heap (E log V),5000,4,3679,0.213123083114624,0.0006818863502696
NetworkX,5000,4,3679,1.3074026107788086,0.0041695324091899
Classic (V^2),5000,5,3534,3.384255886077881,0.0107886551948917
Min-Heap (E log V),5000,5,3534,0.1964545249938964,0.0006298756913451
NetworkX,5000,5,3534,1.2826621532440186,0.004090618411207
Classic (V^2),5000,5,4960,2.24443793296814,0.0071556758879147
Min-Heap (E log V),5000,5,4960,0.347149133682251,0.0011087577342786
NetworkX,5000,5,4960,1.5080833435058594,0.0048086216467944
Classic (V^2),5000,5,2885,2.205554485321045,0.0070317488391267
Min-Heap (E log V),5000,5,2885,0.2091627120971679,0.0006690172489017
NetworkX,5000,5,2885,1.2910120487213137,0.0041168442414006
Classic (V^2),5000,5,1903,3.2903473377227783,0.010488424072206
Min-Heap (E log V),5000,5,1903,0.1960868835449218,0.0006276582406062
NetworkX,5000,5,1903,1.3115038871765137,0.0041823900554048
Classic (V^2),5000,5,4750,2.2362096309661865,0.0071293184923907
Min-Heap (E log V),5000,5,4750,0.268381118774414,0.0008580671159475
NetworkX,5000,5,4750,1.5935728549957275,0.0050820548388495
Classic (V^2),5000,6,4585,2.2053651809692383,0.0070314361835532
Min-Heap (E log V),5000,6,4585,0.1900372505187988,0.0006084536067414
NetworkX,5000,6,4585,1.3137359619140625,0.0041897922346859
Classic (V^2),5000,6,4192,2.874656438827514,0.0091638780556801
Min-Heap (E log V),5000,6,4192,0.1920521259307861,0.000614493088186
NetworkX,5000,6,4192,1.302515745162964,0.0041538286755695
Classic (V^2),5000,6,4019,2.2579078674316406,0.0071982383595283
Min-Heap (E log V),5000,6,4019,0.3226935863494873,0.0010305957288315
NetworkX,5000,6,4019,1.298384189605713,0.0041404510980988
Classic (V^2),5000,6,351,2.2019355297088623,0.0070204987329554
Min-Heap (E log V),5000,6,351,0.188138723373413,0.0006022554263391
NetworkX,5000,6,351,1.29451584815979,0.004128180998606
Classic (V^2),5000,6,1354,2.787510871887207,0.0088858581376141
Min-Heap (E log V),5000,6,1354,0.200444221496582,0.0006413018546348
NetworkX,5000,6,1354,1.3117587566375732,0.0041831674434619
Classic (V^2),5000,7,2857,2.2040998935699463,0.0070269042020931
Min-Heap (E log V),5000,7,2857,0.3253903388977051,0.0010394716108345
NetworkX,5000,7,2857,1.328430414199829,0.0042362455818837
Classic (V^2),5000,7,2997,2.22135066986084,0.0070822410074557
Min-Heap (E log V),5000,7,2997,0.1895811557769775,0.0006069192889403
NetworkX,5000,7,2997,1.3254573345184326,0.0042271242286293
Classic (V^2),5000,7,300,3.096163272857666,0.0098698443892837
Min-Heap (E log V),5000,7,300,0.1937479972839355,0.0006199011921767
NetworkX,5000,7,300,1.288773536682129,0.0041103773994452
Classic (V^2),5000,7,1185,2.206483840942383,0.0070346488500559
Min-Heap (E log V),5000,7,1185,0.3354201316833496,0.0010778772994494
NetworkX,5000,7,1185,1.5758824348449707,0.005024819605416
Classic (V^2),5000,7,3761,2.2137291431427,0.0070577131382126
Min-Heap (E log V),5000,7,3761,0.1920440196990966,0.0006145971415436
NetworkX,5000,7,3761,1.2829689979553225,0.0040913607659154
Classic (V^2),5000,8,2545,3.4088053703308105,0.0108662076784595
Min-Heap (E log V),5000,8,2545,0.1972591876983642,0.0006312766407564
NetworkX,5000,8,2545,1.3046543598175049,0.0041605923701775
Classic (V^2),5000,8,150,2.2151782512664795,0.0070622408535475
Min-Heap (E log V),5000,8,150,0.24257493019104,0.0007756835173201
NetworkX,5000,8,150,1.5915977954864502,0.0050746938782005
Classic (V^2),5000,8,4762,2.193485975265503,0.0069929611351338
Min-Heap (E log V),5000,8,4762,0.1891961097717285,0.0006055426114217
NetworkX,5000,8,4762,1.306974172592163,0.0041677318845521
Classic (V^2),5000,8,4116,3.2743024826049805,0.0104374665095663
Min-Heap (E log V),5000,8,4116,0.1938910484313964,0.0006206793574022
NetworkX,5000,8,4116,1.3588294982910156,0.0043335825349555
Classic (V^2),5000,8,4302,2.2222495079040527,0.0070846138119066
Min-Heap (E log V),5000,8,4302,0.2415375709533691,0.0007721752541347
NetworkX,5000,8,4302,1.6786818504333496,0.0053521881348554
Classic (V^2),5000,9,2892,3.39722204208374,0.0108293542418866
Min-Heap (E log V),5000,9,2892,0.1986346244812011,0.000635867929432
NetworkX,5000,9,2892,1.455461025238037,0.004641507458556
Classic (V^2),5000,9,2163,2.547739028930664,0.0081315710314982
Min-Heap (E log V),5000,9,2163,0.194399356842041,0.0006221295124243
NetworkX,5000,9,2163,1.309910774230957,0.004177374374338
Classic (V^2),5000,9,787,2.22791075706482,0.007103155928526
Min-Heap (E log V),5000,9,787,0.3261175155639648,0.0010413451193002
NetworkX,5000,9,787,1.287039279937744,0.0041043437363305
Classic (V^2),5000,9,4089,2.2223963737487797,0.0070853158586948
Min-Heap (E log V),5000,9,4089,0.2004287242889404,0.0006412684325239
NetworkX,5000,9,4089,1.313145637512207,0.0041875132610381
Classic (V^2),5000,9,855,3.059250593185425,0.0097519604963517
Min-Heap (E log V),5000,9,855,0.1984598636627197,0.0006350855744193
NetworkX,5000,9,855,1.3003721237182615,0.0041472888544876
Classic (V^2),5000,10,1147,2.2548749446868896,0.007188851503606
Min-Heap (E log V),5000,10,1147,0.3415019512176513,0.0010958253269688
NetworkX,5000,10,1147,1.5565581321716309,0.0049667781249304
Classic (V^2),5000,10,1049,2.226416826248169,0.0070980337469706
Min-Heap (E log V),5000,10,1049,0.1912405490875244,0.0006120515924349
NetworkX,5000,10,1049,1.332170486450195,0.0042500293476723
Classic (V^2),5000,10,2286,3.39678955078125,0.0108280960362963
Min-Heap (E log V),5000,10,2286,0.1942172050476074,0.0006215611140253
NetworkX,5000,10,2286,1.3256587982177734,0.0042273097672646
Classic (V^2),5000,10,1121,2.223891019821167,0.0070900855845482
Min-Heap (E log V),5000,10,1121,0.1964321136474609,0.0006285550390784
NetworkX,5000,10,1121,1.8544085025787356,0.0059122541080138
Classic (V^2),5000,10,279,2.2220537662506104,0.0070841155014512
Min-Heap (E log V),5000,10,279,0.213829755783081,0.0006840543160053
NetworkX,5000,10,279,1.3171350955963137,0.004200358435462
Classic (V^2),5000,11,3424,3.405494451522827,0.0108560320843452
Min-Heap (E log V),5000,11,3424,0.1904714107513427,0.0006099470853119
NetworkX,5000,11,3424,1.2883632183074951,0.0041086602607273
Classic (V^2),5000,11,588,2.2214176654815674,0.0070822511923732
Min-Heap (E log V),5000,11,588,0.1943922042846679,0.0006222778047449
NetworkX,5000,11,588,1.9083459377288816,0.0060842936445853
Classic (V^2),5000,11,2470,2.1982829570770264,0.0070083491174258
Min-Heap (E log V),5000,11,2470,0.1959118843078613,0.0006268514913797
NetworkX,5000,11,2470,1.3491787910461426,0.00430234709076
Classic (V^2),5000,11,4562,3.3316843509674072,0.0106207016891177
Min-Heap (E log V),5000,11,4562,0.1910150051116943,0.0006112940052687
NetworkX,5000,11,4562,1.289597511291504,0.0041125018804651
Classic (V^2),5000,11,4189,2.215690851211548,0.0070640982695298
Min-Heap (E log V),5000,11,4189,0.1940979957580566,0.0006211798812751
NetworkX,5000,11,4189,1.9751746654510496,0.0062972505640982
Classic (V^2),5000,12,3522,2.226829290390014,0.0070995734886751
Min-Heap (E log V),5000,12,3522,0.1967391967773437,0.0006294708327455
NetworkX,5000,12,3522,1.3437790870666504,0.0042852352602858
Classic (V^2),5000,12,1836,3.409670352935791,0.0108689507925764
Min-Heap (E log V),5000,12,1836,0.2243132591247558,0.0007174887497863
NetworkX,5000,12,1836,1.3524820804595947,0.004313071371315
Classic (V^2),5000,12,4395,2.2325685024261475,0.007117807690553
Min-Heap (E log V),5000,12,4395,0.1951730251312255,0.0006245782562346
NetworkX,5000,12,4395,1.763240098953247,0.0056221998988462
Classic (V^2),5000,12,3379,2.2537288665771484,0.0071851447583218
Min-Heap (E log V),5000,12,3379,0.209287405014038,0.0006709099093334
NetworkX,5000,12,3379,1.340693473815918,0.0042754434155535
Classic (V^2),5000,12,2790,3.3858089447021484,0.010792789770691
Min-Heap (E log V),5000,12,2790,0.2012348175048828,0.0006441850423581
NetworkX,5000,12,2790,1.377408742904663,0.004392615961236
Classic (V^2),5000,13,2971,2.263225793838501,0.0072154133526785
Min-Heap (E log V),5000,13,2971,0.3356943130493164,0.0010722403935271
NetworkX,5000,13,2971,1.528562068939209,0.0048737824985488
Classic (V^2),5000,13,448,2.231349229812622,0.0071145493635508
Min-Heap (E log V),5000,13,448,0.1958117485046386,0.0006266874864348
NetworkX,5000,13,448,1.334886074066162,0.0042569271684061
Classic (V^2),5000,13,1985,3.297856330871582,0.0105127616973424
Min-Heap (E log V),5000,13,1985,0.1909725666046142,0.0006112508003976
NetworkX,5000,13,1985,1.3675072193145752,0.0043609778621435
Classic (V^2),5000,13,956,2.2175512313842773,0.0070699204257429
Min-Heap (E log V),5000,13,956,0.2926697731018066,0.0009350102419905
NetworkX,5000,13,956,1.6314470767974854,0.0052017222204437
Classic (V^2),5000,13,2612,2.250591993331909,0.0071753476176232
Min-Heap (E log V),5000,13,2612,0.2102515697479248,0.0006727843060514
NetworkX,5000,13,2612,1.3475255966186523,0.0042971544081657
Classic (V^2),5000,14,3976,2.6963109970092773,0.0085953084757817
Min-Heap (E log V),5000,14,3976,0.2036547660827636,0.0006517555506864
NetworkX,5000,14,3976,1.3616249561309814,0.0043420358198889
Classic (V^2),5000,14,3934,2.2407712936401367,0.0071439132701911
Min-Heap (E log V),5000,14,3934,0.3378140926361084,0.0010787185786386
NetworkX,5000,14,3934,1.466125726699829,0.0046752858496371
Classic (V^2),5000,14,301,3.440478563308716,0.0109670268970086
Min-Heap (E log V),5000,14,301,0.1945514678955078,0.0006224834145562
NetworkX,5000,14,301,1.5229108333587646,0.0048564145661807
Classic (V^2),5000,14,439,2.3499436378479004,0.0074914245085734
Min-Heap (E log V),5000,14,439,0.202174425125122,0.0006470048535704
NetworkX,5000,14,439,1.3612234592437744,0.0043408392580105
Classic (V^2),5000,14,3450,2.337390184402466,0.0074520692212838
Min-Heap (E log V),5000,14,3450,0.3775525093078613,0.001205427139718
NetworkX,5000,14,3450,1.3916709423065186,0.004438155963108
Classic (V^2),10000,0,4283,10.16589856147766,0.0324018008156581
Min-Heap (E log V),10000,0,4283,0.7077019214630127,0.0022584427418556
NetworkX,10000,0,4283,5.791995763778687,0.0184681176503676
Classic (V^2),10000,0,467,10.365248680114746,0.0330362802963025
Min-Heap (E log V),10000,0,467,0.719489574432373,0.0022956304637524
NetworkX,10000,0,467,6.246346712112427,0.0199099779597891
Classic (V^2),10000,0,7252,10.25542449951172,0.0326867356924154
Min-Heap (E log V),10000,0,7252,0.7189855575561523,0.0022942343870504
NetworkX,10000,0,7252,5.605006694793701,0.0178660150999569
Classic (V^2),10000,0,9601,9.420271635055542,0.0300247858415025
Min-Heap (E log V),10000,0,9601,1.183948040008545,0.0037752972450232
NetworkX,10000,0,9601,5.558846473693848,0.0177210761994444
Classic (V^2),10000,0,2497,10.320884704589844,0.0328948872314229
Min-Heap (E log V),10000,0,2497,0.7234108448028564,0.0023083391294162
NetworkX,10000,0,2497,6.335700273513794,0.0201941936018689
Classic (V^2),10000,1,9516,10.176392316818236,0.0324343982013256
Min-Heap (E log V),10000,1,9516,0.6812283992767334,0.0021744057598095
NetworkX,10000,1,9516,5.410306692123413,0.0172451301115005
Classic (V^2),10000,1,4115,10.137634754180908,0.0323111769647933
Min-Heap (E log V),10000,1,4115,0.7010352611541748,0.0022369699023257
NetworkX,10000,1,4115,6.195530652999878,0.0197476217343308
Classic (V^2),10000,1,9599,10.298763751983644,0.0328242955714665
Min-Heap (E log V),10000,1,9599,0.6997950077056885,0.0022333954330648
NetworkX,10000,1,9599,5.036201000213623,0.0160530396939295
Classic (V^2),10000,1,5488,9.879240036010742,0.0314871769236346
Min-Heap (E log V),10000,1,5488,0.9769949913024902,0.0031160333634601
NetworkX,10000,1,5488,5.230909585952759,0.0166730852197716
Classic (V^2),10000,1,1496,10.097538709640505,0.0321826846690474
Min-Heap (E log V),10000,1,1496,0.662175178527832,0.0021133555214032
NetworkX,10000,1,1496,5.655468225479126,0.0180265198321699
Classic (V^2),10000,2,6680,10.1699857711792,0.0324142853478317
Min-Heap (E log V),10000,2,6680,0.6714377403259277,0.0021425558076574
NetworkX,10000,2,6680,6.158401012420654,0.0196294484564065
Classic (V^2),10000,2,8654,10.13174533843994,0.0322922878676694
Min-Heap (E log V),10000,2,8654,0.6918582916259766,0.0022078298154853
NetworkX,10000,2,8654,5.49599552154541,0.0175189742876436
Classic (V^2),10000,2,8903,9.99405002593994,0.0318531127582408
Min-Heap (E log V),10000,2,8903,0.936692237854004,0.0029880611275098
NetworkX,10000,2,8903,5.575711250305176,0.0177720680527204
Classic (V^2),10000,2,8852,10.190825462341309,0.0324802818507463
Min-Heap (E log V),10000,2,8852,0.6884756088256836,0.0021969338885589
NetworkX,10000,2,8852,6.081090688705444,0.0193832949031891
Classic (V^2),10000,2,2146,10.19328236579895,0.0324880273385523
Min-Heap (E log V),10000,2,2146,0.697350025177002,0.002225259310981
NetworkX,10000,2,2146,5.407134294509888,0.0172349314638176
Classic (V^2),10000,3,925,10.138494491577148,0.032317640420528
Min-Heap (E log V),10000,3,925,1.0454740524291992,0.0033345696243445
NetworkX,10000,3,925,5.837131977081299,0.0186063037876965
Classic (V^2),10000,3,2493,9.65381908416748,0.0307692920381114
Min-Heap (E log V),10000,3,2493,0.6964666843414307,0.0022223725760141
NetworkX,10000,3,2493,5.450084209442139,0.0173723600654356
Classic (V^2),10000,3,40,10.259751319885254,0.0327000477614456
Min-Heap (E log V),10000,3,40,0.69608473777771,0.0022211208804784
NetworkX,10000,3,40,5.631096363067627,0.0179490157896485
Classic (V^2),10000,3,3658,10.15932035446167,0.032379865726894
Min-Heap (E log V),10000,3,3658,0.6968905925750732,0.0022236132354163
NetworkX,10000,3,3658,5.975995302200317,0.0190482006036782
Classic (V^2),10000,3,8263,10.157378673553469,0.0323735252339687
Min-Heap (E log V),10000,3,8263,0.6822760105133057,0.0021773666969358
NetworkX,10000,3,8263,5.308660507202148,0.0169211405522185
Classic (V^2),10000,4,2882,10.111534357070925,0.0322277014792595
Min-Heap (E log V),10000,4,2882,0.6932246685028076,0.0022124532200768
NetworkX,10000,4,2882,5.706853151321411,0.0181915841886297
Classic (V^2),10000,4,3860,9.088245630264282,0.0289666674179879
Min-Heap (E log V),10000,4,3860,0.7920663356781006,0.0025269348017766
NetworkX,10000,4,3860,5.04532527923584,0.0160829381126266
Classic (V^2),10000,4,1501,10.018710136413574,0.031932207244886
Min-Heap (E log V),10000,4,1501,0.6848766803741455,0.0021854876160004
NetworkX,10000,4,1501,5.940853595733643,0.0189358116043275
Classic (V^2),10000,4,5998,10.148810625076294,0.0323462931029974
Min-Heap (E log V),10000,4,5998,0.6881616115570068,0.0021957402685545
NetworkX,10000,4,5998,5.912435293197632,0.0188458354096083
Classic (V^2),10000,4,7138,10.213744640350342,0.0325533601591635
Min-Heap (E log V),10000,4,7138,0.6659104824066162,0.0021249356364477
NetworkX,10000,4,7138,5.17853569984436,0.0165065702352472
Classic (V^2),10000,5,3992,10.016546249389648,0.0319248889555185
Min-Heap (E log V),10000,5,3992,0.6886403560638428,0.0021976080576349
NetworkX,10000,5,3992,5.291022300720215,0.0168656972172287
Classic (V^2),10000,5,6173,9.590451002120972,0.0305676288019043
Min-Heap (E log V),10000,5,6173,1.1073074340820312,0.0035320517967149
NetworkX,10000,5,6173,5.277798652648926,0.0168232476462805
Classic (V^2),10000,5,5835,10.07659912109375,0.0321167064891848
Min-Heap (E log V),10000,5,5835,0.682159423828125,0.0021767274838057
NetworkX,10000,5,5835,6.048617362976074,0.019279463055621
Classic (V^2),10000,5,4713,10.136492729187012,0.0323070320740187
Min-Heap (E log V),10000,5,4713,0.6724834442138672,0.0021463881903726
NetworkX,10000,5,4713,5.739350318908691,0.0182942481071952
Classic (V^2),10000,5,885,9.084621906280518,0.0289551155817507
Min-Heap (E log V),10000,5,885,1.204442024230957,0.003840737760934
NetworkX,10000,5,885,5.359326124191284,0.0170828145352689
Classic (V^2),10000,6,8094,9.793723344802856,0.0312148210144712
Min-Heap (E log V),10000,6,8094,0.7008953094482422,0.0022375450674051
NetworkX,10000,6,8094,5.347355127334595,0.0170452000776532
Classic (V^2),10000,6,9980,10.04991865158081,0.0320316856466684
Min-Heap (E log V),10000,6,9980,0.7039551734924316,0.0022462122854202
NetworkX,10000,6,9980,5.580274820327759,0.017787185818978
Classic (V^2),10000,6,1489,10.11287760734558,0.0322320188469848
Min-Heap (E log V),10000,6,1489,0.69508957862854,0.002217818436078
NetworkX,10000,6,1489,6.075957298278809,0.0193667226083366
Classic (V^2),10000,6,3197,10.063912868499756,0.0320759115045058
Min-Heap (E log V),10000,6,3197,0.7275240421295166,0.0023210703006398
NetworkX,10000,6,3197,5.443443059921265,0.0173525210548848
Classic (V^2),10000,6,8129,10.252499103546144,0.0326764071961177
Min-Heap (E log V),10000,6,8129,0.8762338161468506,0.0027947954538898
NetworkX,10000,6,8129,5.278729438781738,0.0168258028760123
Classic (V^2),10000,7,692,9.584006071090698,0.0305517409522463
Min-Heap (E log V),10000,7,692,0.684659481048584,0.0021848559451995
NetworkX,10000,7,692,5.180682420730591,0.0165136976585978
Classic (V^2),10000,7,4823,10.01176691055298,0.0319095272444094
Min-Heap (E log V),10000,7,4823,0.6693143844604492,0.002135728022964
NetworkX,10000,7,4823,5.725601434707642,0.0182497873446988
Classic (V^2),10000,7,6598,10.016573429107666,0.0319250370068458
Min-Heap (E log V),10000,7,6598,0.6849575042724609,0.0021856646727676
NetworkX,10000,7,6598,5.906414985656738,0.0188261388595459
Classic (V^2),10000,7,3749,10.175591945648192,0.0324315381166366
Min-Heap (E log V),10000,7,3749,0.6798157691955566,0.0021691506284221
NetworkX,10000,7,3749,5.165489435195923,0.0164653598481372
Classic (V^2),10000,7,2901,9.545412540435793,0.0304231765927904
Min-Heap (E log V),10000,7,2901,1.1083881855010986,0.0035349043049291
NetworkX,10000,7,2901,5.111897945404053,0.0162940449853208
Classic (V^2),10000,8,9543,9.563106536865234,0.0304793308168727
Min-Heap (E log V),10000,8,9543,1.1492695808410645,0.0036652451004516
NetworkX,10000,8,9543,5.34166407585144,0.017026643564927
Classic (V^2),10000,8,715,10.015819311141968,0.0319226980471534
Min-Heap (E log V),10000,8,715,0.6828329563140869,0.0021787834272651
NetworkX,10000,8,715,6.07535195350647,0.0193645864613657
Classic (V^2),10000,8,5272,11.129265069961548,0.0354710711960725
Min-Heap (E log V),10000,8,5272,0.665257453918457,0.002122806886575
NetworkX,10000,8,5272,6.163240909576416,0.0196455077592352
Classic (V^2),10000,8,2517,10.11894917488098,0.0322510555445561
Min-Heap (E log V),10000,8,2517,0.6804347038269043,0.0021713392435355
NetworkX,10000,8,2517,5.322165489196777,0.016964409734203
Classic (V^2),10000,8,5343,9.712083101272585,0.0309542739904126
Min-Heap (E log V),10000,8,5343,1.064720869064331,0.0033962311078697
NetworkX,10000,8,5343,5.4037024974823,0.0172238088882906
Classic (V^2),10000,9,5795,9.872009754180908,0.031464009646257
Min-Heap (E log V),10000,9,5795,1.0732269287109375,0.0034228965313502
NetworkX,10000,9,5795,5.0700788497924805,0.016160949295912
Classic (V^2),10000,9,1465,10.041786909103394,0.0320053928936289
Min-Heap (E log V),10000,9,1465,0.6902937889099121,0.002202789077167
NetworkX,10000,9,1465,5.935909032821655,0.0189203569562824
Classic (V^2),10000,9,5812,10.13840913772583,0.0323132428395824
Min-Heap (E log V),10000,9,5812,0.6942594051361084,0.0022150596078118
NetworkX,10000,9,5812,5.516096591949463,0.0175830245204408
Classic (V^2),10000,9,7981,9.12049126625061,0.0290691595224806
Min-Heap (E log V),10000,9,7981,1.2318649291992188,0.0039287940539868
NetworkX,10000,9,7981,5.332092046737671,0.0169960653506533
Classic (V^2),10000,9,19,10.097521305084229,0.0321827041257469
Min-Heap (E log V),10000,9,19,0.679807186126709,0.0021694387416614
NetworkX,10000,9,19,5.968473434448242,0.0190242391094188
Classic (V^2),10000,10,9605,11.212504863739014,0.0357361881262699
Min-Heap (E log V),10000,10,9605,0.7004354000091553,0.0022350233132022
NetworkX,10000,10,9605,5.749666690826416,0.0183265137079355
Classic (V^2),10000,10,2790,10.114699363708496,0.032237602338685
Min-Heap (E log V),10000,10,2790,0.690446138381958,0.0022033013692792
NetworkX,10000,10,2790,6.073392868041992,0.0193584627549259
Classic (V^2),10000,10,6749,10.118600368499756,0.0322500059719855
Min-Heap (E log V),10000,10,6749,0.6883523464202881,0.0021964851345823
NetworkX,10000,10,6749,5.3530895709991455,0.0170630760176368
Classic (V^2),10000,10,1317,9.334360599517822,0.0297502384184541
Min-Heap (E log V),10000,10,1317,1.2364790439605713,0.0039452564938561
NetworkX,10000,10,1317,5.452666997909546,0.0173802227391541
Classic (V^2),10000,10,2924,10.097681522369385,0.0321832250117234
Min-Heap (E log V),10000,10,2924,0.6911742687225342,0.0022052943782981
NetworkX,10000,10,2924,6.244558095932007,0.0199038997253572
Classic (V^2),10000,11,8450,10.04426336288452,0.0320130049939238
Min-Heap (E log V),10000,11,8450,0.6737403869628906,0.0021499468359148
NetworkX,10000,11,8450,5.697051048278809,0.0181590296308605
Classic (V^2),10000,11,7494,10.076356410980225,0.0321155963379519
Min-Heap (E log V),10000,11,7494,0.6785411834716797,0.0021650947219913
NetworkX,10000,11,7494,5.935881614685059,0.0189205178404325
Classic (V^2),10000,11,3098,10.173403978347778,0.0324245371406646
Min-Heap (E log V),10000,11,3098,0.6673915386199951,0.0021299307147243
NetworkX,10000,11,3098,5.19513463973999,0.0165596967066593
Classic (V^2),10000,11,9188,9.664845705032349,0.0308045684972877
Min-Heap (E log V),10000,11,9188,1.001376390457153,0.0031937779767503
NetworkX,10000,11,9188,5.256216049194336,0.0167540209113924
Classic (V^2),10000,11,9806,10.182463884353638,0.0324537249044372
Min-Heap (E log V),10000,11,9806,0.6866316795349121,0.0021911969501623
NetworkX,10000,11,9806,5.958068370819092,0.0189909360497423
Classic (V^2),10000,12,8950,9.995664358139038,0.0318582669746704
Min-Heap (E log V),10000,12,8950,0.6744396686553955,0.0021524356247974
NetworkX,10000,12,8950,5.894859313964844,0.0187896070798896
Classic (V^2),10000,12,1678,10.122883558273315,0.0322637366244919
Min-Heap (E log V),10000,12,1678,0.6912193298339844,0.0022054868755855
NetworkX,10000,12,1678,6.045460939407349,0.0192695736745648
Classic (V^2),10000,12,950,9.482799530029297,0.0302236014153487
Min-Heap (E log V),10000,12,950,0.691889762878418,0.0022075309468569
NetworkX,10000,12,950,5.330513954162598,0.0169911477504307
Classic (V^2),10000,12,3739,10.0876362323761,0.0321512617471758
Min-Heap (E log V),10000,12,3739,0.6788527965545654,0.0021661162635665
NetworkX,10000,12,3739,5.6641576290130615,0.018053941960183
Classic (V^2),10000,12,6133,10.108813524246216,0.0005804863209602
Min-Heap (E log V),10000,12,6133,0.6827895641326904,0.0021788059111228
NetworkX,10000,12,6133,6.073911905288696,0.019360061717344
Classic (V^2),10000,13,5553,10.038882493972778,0.0319958367340574
Min-Heap (E log V),10000,13,5553,0.6697721481323242,0.002137223622688
NetworkX,10000,13,5553,6.065485000610352,0.0193340027209029
Classic (V^2),10000,13,3175,10.033736228942873,0.0319796654966646
Min-Heap (E log V),10000,13,3175,0.684584379196167,0.0021846718270411
NetworkX,10000,13,3175,5.676523923873901,0.0180938444685187
Classic (V^2),10000,13,7187,9.028827428817747,0.0287771518805777
Min-Heap (E log V),10000,13,7187,1.2426066398620603,0.0039668657243837
NetworkX,10000,13,7187,5.309822082519531,0.0169249001960418
Classic (V^2),10000,13,3861,11.273466110229492,0.0359307505165612
Min-Heap (E log V),10000,13,3861,0.6896638870239258,0.0022011198457533
NetworkX,10000,13,3861,5.890189170837402,0.0187742817039271
Classic (V^2),10000,13,5708,10.164734125137327,0.0323970676333196
Min-Heap (E log V),10000,13,5708,0.6960184574127197,4.001560794186704e-05
NetworkX,10000,13,5708,6.001609325408936,0.019129676092548
Classic (V^2),10000,14,559,10.138593673706056,0.0323134230115258
Min-Heap (E log V),10000,14,559,0.695288896560669,0.002218946762692
NetworkX,10000,14,559,6.066682815551758,0.0193373558105165
Classic (V^2),10000,14,9583,10.145490646362305,0.0323367140133938
Min-Heap (E log V),10000,14,9583,0.6728038787841797,0.0021471725382937
NetworkX,10000,14,9583,5.74397873878479,0.0183083711583484
Classic (V^2),10000,14,248,9.052808046340942,0.0288531999395749
Min-Heap (E log V),10000,14,248,1.1999504566192627,0.0038269832239709
NetworkX,10000,14,248,5.331578254699707,0.0169941643686122
Classic (V^2),10000,14,8847,10.125502347946169,0.0322722149379967
Min-Heap (E log V),10000,14,8847,0.6798241138458252,0.0021691231040045
NetworkX,10000,14,8847,6.161932706832886,0.0196407062530172
Classic (V^2),10000,14,3324,10.122045516967772,0.0322610331957738
Min-Heap (E log V),10000,14,3324,0.7200870513916016,0.0022975951642155
NetworkX,10000,14,3324,6.1296000480651855,0.0195374777672351
Classic (V^2),15000,0,9493,23.072117567062378,0.07352010700404278
Min-Heap (E log V),15000,0,9493,1.406386137008667,0.004484615064438593
NetworkX,15000,0,9493,13.512460231781006,0.04306619657085482
Classic (V^2),15000,0,2684,21.744109392166138,0.069287050748276
Min-Heap (E log V),15000,0,2684,1.6732490062713623,0.005335332571690014
NetworkX,15000,0,2684,13.737335920333862,0.0437829562752897
Classic (V^2),15000,0,4923,21.73260736465454,0.06925931331071329
Min-Heap (E log V),15000,0,4923,1.3919241428375244,0.004438564002445266
NetworkX,15000,0,4923,13.730937719345093,0.04376241860629911
Classic (V^2),15000,0,5016,21.941145658493042,0.0699158187805931
Min-Heap (E log V),15000,0,5016,1.419748067855835,0.004527232241148438
NetworkX,15000,0,5016,13.372661828994751,0.0426212185672023
Classic (V^2),15000,0,13048,22.026350021362305,0.07019956091891359
Min-Heap (E log V),15000,0,13048,1.429323434829712,0.0045573946684246604
NetworkX,15000,0,13048,13.910579442977905,0.04433483337837138
Classic (V^2),15000,1,9880,21.851235151290894,0.06964101981361424
Min-Heap (E log V),15000,1,9880,1.408360481262207,0.004491188343299574
NetworkX,15000,1,9880,14.588016033172607,0.046499660204434266
Classic (V^2),15000,1,9451,20.9492609500885,0.06675121342014316
Min-Heap (E log V),15000,1,9451,1.735185146331787,0.005532331764399997
NetworkX,15000,1,9451,13.934508323669434,0.04441181945143999
Classic (V^2),15000,1,13677,21.95538568496704,0.06996039542431975
Min-Heap (E log V),15000,1,13677,1.4028429985046387,0.004473313899968038
NetworkX,15000,1,13677,13.84896731376648,0.04413922197095152
Classic (V^2),15000,1,10720,21.911705493927002,0.06983470269408588
Min-Heap (E log V),15000,1,10720,1.3933026790618896,0.0044434030571376265
NetworkX,15000,1,10720,15.210120439529419,0.04848334544212622
Classic (V^2),15000,1,4158,20.895575284957886,0.06658594148463738
Min-Heap (E log V),15000,1,4158,2.3839945793151855,0.007600246609815835
NetworkX,15000,1,4158,13.941212177276611,0.044432933241897045
Classic (V^2),15000,2,1757,22.014460802078247,0.0701490849667529
Min-Heap (E log V),15000,2,1757,1.4135363101959229,0.004507928768395479
NetworkX,15000,2,1757,13.469150066375732,0.04292910667852248
Classic (V^2),15000,2,11243,22.816531658172607,0.07270183477868986
Min-Heap (E log V),15000,2,11243,2.352362871170044,0.007499771421703987
NetworkX,15000,2,11243,13.594654321670532,0.04332866933098609
Classic (V^2),15000,2,5913,21.93160915374756,0.06989739257313415
Min-Heap (E log V),15000,2,5913,1.4310739040374756,0.004563686099460356
NetworkX,15000,2,5913,13.878876447677612,0.04423476363722971
Classic (V^2),15000,2,725,21.996764659881592,0.07010527566592989
Min-Heap (E log V),15000,2,725,1.4024243354797363,0.004472487595703807
NetworkX,15000,2,725,14.016001462936401,0.04467211440176592
Classic (V^2),15000,2,5959,21.165343046188354,0.06744248086703275
Min-Heap (E log V),15000,2,5959,2.2029378414154053,0.007023475505328145
NetworkX,15000,2,5959,13.605798244476318,0.04336423702238272
Classic (V^2),15000,3,10269,22.09921956062317,0.07043158331774813
Min-Heap (E log V),15000,3,10269,1.4451587200164795,0.004608841576602202
NetworkX,15000,3,10269,14.684526205062866,0.046802426176233744
Classic (V^2),15000,3,1681,20.95066213607788,0.06676186888373763
Min-Heap (E log V),15000,3,1681,2.0777440071105957,0.006624500978244402
NetworkX,15000,3,1681,13.836625576019287,0.044100886422332515
Classic (V^2),15000,3,14718,22.080662965774536,0.07036001480180104
Min-Heap (E log V),15000,3,14718,1.4157726764678955,0.004515676435624562
NetworkX,15000,3,14718,13.761314868927002,0.043860212089533265
Classic (V^2),15000,3,3010,22.31527018547058,0.0711200952867911
Min-Heap (E log V),15000,3,3010,1.4298055171966553,0.004559874814879105
NetworkX,15000,3,3010,14.390851020812988,0.04586765346450815
Classic (V^2),15000,3,839,20.92480754852295,0.06668870922299401
Min-Heap (E log V),15000,3,839,1.8654413223266602,0.005948147041196986
NetworkX,15000,3,839,14.798324823379517,0.04716498102561537
Classic (V^2),15000,4,10041,20.976653575897217,0.06685391048552237
Min-Heap (E log V),15000,4,10041,2.316512107849121,0.007385383471624603
NetworkX,15000,4,10041,13.857561349868774,0.04416725152624683
Classic (V^2),15000,4,14314,22.124338626861572,0.07049958402836563
Min-Heap (E log V),15000,4,14314,1.4255237579345703,0.004546000771600363
NetworkX,15000,4,14314,13.956592321395874,0.044482864729279904
Classic (V^2),15000,4,14007,23.12034797668457,0.07368566711092368
Min-Heap (E log V),15000,4,14007,1.4062628746032715,0.00448460609890652
NetworkX,15000,4,14007,14.24079179763794,0.04538796196449054
Classic (V^2),15000,4,4264,21.619824409484863,0.06888794655545001
Min-Heap (E log V),15000,4,4264,1.4499964714050293,0.0046242009052364546
NetworkX,15000,4,4264,14.012191772460938,0.044659929438594204
Classic (V^2),15000,4,4434,22.146183013916016,0.07057470136795321
Min-Heap (E log V),15000,4,4434,1.4104218482971191,0.004497999863712109
NetworkX,15000,4,4434,13.917452573776245,0.04435836367015855
Classic (V^2),15000,5,11206,22.016284942626953,0.07015565800583086
Min-Heap (E log V),15000,5,11206,1.4223883152008057,0.004536102503014073
NetworkX,15000,5,11206,13.683758735656738,0.04361300583385202
Classic (V^2),15000,5,462,22.027393579483032,0.0701971078429591
Min-Heap (E log V),15000,5,462,1.4421446323394775,0.004599142750457055
NetworkX,15000,5,462,14.096603155136108,0.04492863957404582
Classic (V^2),15000,5,3814,21.153918266296387,0.06740983314939984
Min-Heap (E log V),15000,5,3814,2.052371025085449,0.006543479274956014
NetworkX,15000,5,3814,13.752436399459839,0.043831836857196445
Classic (V^2),15000,5,1221,22.016874313354492,0.07016987510980978
Min-Heap (E log V),15000,5,1221,1.4287245273590088,0.004556451886211029
NetworkX,15000,5,1221,13.857540130615234,0.04416724906227456
Classic (V^2),15000,5,10751,22.022950887680054,0.07017712140012489
Min-Heap (E log V),15000,5,10751,1.4533660411834717,0.004635530875274693
NetworkX,15000,5,10751,13.702842473983765,0.04367423290306052
Classic (V^2),15000,6,4876,20.821350574493408,0.06635911431097409
Min-Heap (E log V),15000,6,4876,2.0775306224823,0.006623753247132499
NetworkX,15000,6,4876,13.643784284591675,0.04348577321713619
Classic (V^2),15000,6,4741,21.839097261428833,0.06959015974010524
Min-Heap (E log V),15000,6,4741,1.4080982208251953,0.004490728157086614
NetworkX,15000,6,4741,13.688495874404907,0.04362832646837834
Classic (V^2),15000,6,795,23.19657874107361,0.07392864420726743
Min-Heap (E log V),15000,6,795,1.4488768577575684,0.004620613521958296
NetworkX,15000,6,795,14.329954624176025,0.04567230231765795
Classic (V^2),15000,6,9573,21.42274045944214,0.06826677645859339
Min-Heap (E log V),15000,6,9573,1.5297839641571045,0.004878864835206967
NetworkX,15000,6,9573,14.106116533279419,0.04495944085478174
Classic (V^2),15000,6,2901,22.203410863876343,0.0707543056763263
Min-Heap (E log V),15000,6,2901,1.4556446075439453,0.00464203227268881
NetworkX,15000,6,2901,13.576570272445679,0.043271911646935966
Classic (V^2),15000,7,5593,21.909117460250854,0.06981313167294137
Min-Heap (E log V),15000,7,5593,1.409048318862915,0.004493806062502591
NetworkX,15000,7,5593,13.684853315353394,0.04361663653780074
Classic (V^2),15000,7,5805,21.959187269210815,0.06998521574941625
Min-Heap (E log V),15000,7,5805,1.451812744140625,0.004629894107155956
NetworkX,15000,7,5805,13.969733238220215,0.044524766707974374
Classic (V^2),15000,7,14054,20.77379035949707,0.06619783915876942
Min-Heap (E log V),15000,7,14054,2.486356496810913,0.007926711972326597
NetworkX,15000,7,14054,13.608767986297607,0.04337426238012692
Classic (V^2),15000,7,12232,22.034533262252808,0.07021585353262384
Min-Heap (E log V),15000,7,12232,1.4423060417175293,0.004599752017686313
NetworkX,15000,7,12232,13.53081464767456,0.04312601753247237
Classic (V^2),15000,7,10716,22.035914421081543,0.07022977389321959
Min-Heap (E log V),15000,7,10716,1.4334230422973633,0.004571383769191393
NetworkX,15000,7,10716,14.677616119384766,0.04678080273520498
Classic (V^2),15000,8,6726,21.87242102622986,0.06969832812983452
Min-Heap (E log V),15000,8,6726,1.4579894542694092,0.004649729123986274
NetworkX,15000,8,6726,13.910860776901245,0.04433704246409204
Classic (V^2),15000,8,8005,21.815439462661743,0.06952700586233238
Min-Heap (E log V),15000,8,8005,2.0041890144348145,0.006390254562624408
NetworkX,15000,8,8005,13.943082094192505,0.04443930027750104
Classic (V^2),15000,8,13364,22.199287176132202,0.07073747055463227
Min-Heap (E log V),15000,8,13364,1.4424095153808594,0.004599852523342703
NetworkX,15000,8,13364,13.97389531135559,0.044537940274575305
Classic (V^2),15000,8,11811,22.271658420562744,0.07098092189396152
Min-Heap (E log V),15000,8,11811,1.4563589096069336,0.004644681155516952
NetworkX,15000,8,11811,14.622191429138184,0.046604762449082265
Classic (V^2),15000,8,12651,20.913262128829956,0.06663642719648405
Min-Heap (E log V),15000,8,12651,2.250830888748169,0.0071760873298836805
NetworkX,15000,8,12651,13.836878776550293,0.0441011761592504
Classic (V^2),15000,9,318,23.471300840377808,0.07478899868009597
Min-Heap (E log V),15000,9,318,1.8563015460968018,0.005918851792768019
NetworkX,15000,9,318,14.073524236679077,0.044855994073269075
Classic (V^2),15000,9,12330,22.06336784362793,0.07030785212439657
Min-Heap (E log V),15000,9,12330,1.4574825763702393,0.0046478288098380045
NetworkX,15000,9,12330,14.063313484191895,0.04482284563795394
Classic (V^2),15000,9,8231,22.14723229408264,0.07058464235712508
Min-Heap (E log V),15000,9,8231,1.4585330486297607,0.004651159548080805
NetworkX,15000,9,8231,14.267441272735596,0.045473223022806916
Classic (V^2),15000,9,7061,21.682450532913208,0.06910296581494445
Min-Heap (E log V),15000,9,7061,1.473057508468628,0.004697620647325433
NetworkX,15000,9,7061,13.827937126159668,0.044072565356491254
Classic (V^2),15000,9,2561,22.12134027481079,0.07048924387157622
Min-Heap (E log V),15000,9,2561,1.4498846530914307,0.004623765709040232
NetworkX,15000,9,2561,14.74567437171936,0.046999824860708195
Classic (V^2),15000,10,5116,22.073431253433228,0.07034255394616777
Min-Heap (E log V),15000,10,5116,1.4520008563995361,0.004630514665321615
NetworkX,15000,10,5116,13.764691829681396,0.04387133495857144
Classic (V^2),15000,10,13176,22.128047943115234,0.07052318363821548
Min-Heap (E log V),15000,10,13176,1.488872766494751,0.004748334005762054
NetworkX,15000,10,13176,14.583375692367554,0.04648039628884875
Classic (V^2),15000,10,6657,22.547831773757935,0.07184842958767215
Min-Heap (E log V),15000,10,6657,1.4380674362182617,0.004586430925146784
NetworkX,15000,10,6657,13.683247327804565,0.04361165450450803
Classic (V^2),15000,10,10112,22.03912377357483,0.07022735019815829
Min-Heap (E log V),15000,10,10112,1.445507526397705,0.0046106659690008395
NetworkX,15000,10,10112,13.730006456375122,0.043760705837510176
Classic (V^2),15000,10,6844,22.062599182128906,0.07030220313912969
Min-Heap (E log V),15000,10,6844,1.4760429859161377,0.004707269552615025
NetworkX,15000,10,6844,14.290404558181763,0.04554614991644391
Classic (V^2),15000,11,2685,20.83998942375183,0.0664090285216826
Min-Heap (E log V),15000,11,2685,2.089756488800049,0.006662949326767008
NetworkX,15000,11,2685,13.95261549949646,0.044470052572374574
Classic (V^2),15000,11,8261,21.97398853302002,0.07001986974795837
Min-Heap (E log V),15000,11,8261,1.436980962753296,0.0045826345139618665
NetworkX,15000,11,8261,13.743558883666992,0.04380391691225353
Classic (V^2),15000,11,13374,22.156059503555298,0.070609660383375
Min-Heap (E log V),15000,11,13374,1.4585106372833252,0.004651571545006478
NetworkX,15000,11,13374,14.457548379898071,0.04607915835976714
Classic (V^2),15000,11,3103,21.53584313392639,0.06862346292276691
Min-Heap (E log V),15000,11,3103,1.450897216796875,0.004627368217492659
NetworkX,15000,11,3103,13.790438413619995,0.0439533363961373
Classic (V^2),15000,11,4473,23.988677978515625,0.0764405314366729
Min-Heap (E log V),15000,11,4473,1.5026705265045166,0.004792004749054681
NetworkX,15000,11,4473,14.065712928771973,0.04483070452070017
Classic (V^2),15000,12,14937,22.047982215881348,0.07025255397140323
Min-Heap (E log V),15000,12,14937,1.4642467498779297,0.0046699491361493605
NetworkX,15000,12,14937,13.935890197753906,0.044417148206478144
Classic (V^2),15000,12,4895,23.14837074279785,0.07377520524286257
Min-Heap (E log V),15000,12,4895,1.8402540683746338,0.0058678295881004795
NetworkX,15000,12,4895,13.797456502914429,0.04397517066888059
Classic (V^2),15000,12,11873,22.044503450393677,0.0702449871796738
Min-Heap (E log V),15000,12,11873,1.4670965671539307,0.004678663238762365
NetworkX,15000,12,11873,13.97641634941101,0.0445459969240288
Classic (V^2),15000,12,6434,21.97454595565796,0.0700216243861225
Min-Heap (E log V),15000,12,6434,1.465501308441162,0.004673337424836854
NetworkX,15000,12,6434,13.592605352401733,0.043322873131970696
Classic (V^2),15000,12,12129,21.667465925216675,0.06903952737709641
Min-Heap (E log V),15000,12,12129,1.862762212753296,0.00594026470590664
NetworkX,15000,12,12129,13.865599632263184,0.04419467047791695
Classic (V^2),15000,13,12373,20.923938512802124,0.06667661558460422
Min-Heap (E log V),15000,13,12373,1.88035249710083,0.005995594242260537
NetworkX,15000,13,12373,13.826636791229248,0.0440698140430782
Classic (V^2),15000,13,563,22.046879529953003,0.07025597720026756
Min-Heap (E log V),15000,13,563,1.4530301094055176,0.0046342762911346065
NetworkX,15000,13,563,13.820721626281738,0.04405002161178625
Classic (V^2),15000,13,3712,22.04354977607727,0.07025391858854577
Min-Heap (E log V),15000,13,3712,1.4456193447113037,0.004611069769989536
NetworkX,15000,13,3712,14.576135158538818,0.04645715679191558
Classic (V^2),15000,13,6178,23.397732734680176,0.07456973873038505
Min-Heap (E log V),15000,13,6178,1.5033142566680908,0.004794488678431528
NetworkX,15000,13,6178,13.910040140151978,0.0443344253753039
Classic (V^2),15000,13,352,22.159715175628662,0.07062397344065846
Min-Heap (E log V),15000,13,352,1.455070972442627,0.0046404780517145675
NetworkX,15000,13,352,14.43878436088562,0.04601996249030098
Classic (V^2),15000,14,303,23.14652442932129,0.07375669539650928
Min-Heap (E log V),15000,14,303,1.4735915660858154,0.004699391620943346
NetworkX,15000,14,303,13.991901874542236,0.04459537720802828
Classic (V^2),15000,14,8200,21.887391328811646,0.06974997022265929
Min-Heap (E log V),15000,14,8200,2.017918825149536,0.0064349793262731304
NetworkX,15000,14,8200,13.91968059539795,0.044365114878242455
Classic (V^2),15000,14,1045,22.14864683151245,0.07057687095463618
Min-Heap (E log V),15000,14,1045,1.4828667640686035,0.004728931506098462
NetworkX,15000,14,1045,14.110651969909668,0.04497368749550835
Classic (V^2),15000,14,11445,22.155569076538086,0.07060791549411845
Min-Heap (E log V),15000,14,11445,1.4708912372589111,0.004690759015143717
NetworkX,15000,14,11445,14.236103057861328,0.0453746279784199
Classic (V^2),15000,14,618,21.233693838119507,0.06766360067850684
Min-Heap (E log V),15000,14,618,2.552403211593628,0.00813835582211602
NetworkX,15000,14,618,14.719128131866455,0.04691320593582984
